Date,Actual_Close,Predicted_Close
2015-11-25,124.7200012,125.00594
2015-11-27,125.9000015,125.36221
2015-11-30,125.15000149999999,125.5789
2015-12-01,122.5199966,126.76874
2015-12-03,124.88999939999998,126.155136
2015-12-04,123.66999819999998,126.75133
2015-12-07,122.5,126.4282
2015-12-08,122.1699982,124.141266
2015-12-10,124.80000309999998,125.77475
2015-12-11,124.3899994,125.03168
2015-12-14,124.6500015,123.683235
2015-12-15,125.58000179999999,123.3956
2015-12-17,125.7699966,126.78407
2015-12-18,124.47000119999997,125.53644
2015-12-21,124.76000209999998,125.14789
2015-12-22,123.22000119999997,126.10976
2015-12-23,123.0400009,127.49599
2015-12-24,121.45999909999999,126.83863
2015-12-28,121.13999939999998,125.623856
2015-12-29,118.37999729999999,125.8158
2015-12-30,115.56999969999998,124.82659
2015-12-31,113.05999759999999,124.329124
2016-01-04,114.8099976,123.24933
2016-01-05,115.83000179999999,122.74035
2016-01-06,114.98999789999999,120.60552
2016-01-07,116.2900009,117.88368
2016-01-08,112.5999985,115.53521
2016-01-12,111.5100021,117.394135
2016-01-13,111.09999849999997,116.522835
2016-01-14,115.94999689999999,116.945496
2016-01-15,113.41000369999999,114.553604
2016-02-02,106.83999629999998,121.0193
2016-02-03,106.76999659999997,117.71333
2016-02-04,105.0800018,115.24788
,105.2600021,112.36067
2016-02-08,108.2099991,111.00364
2016-02-09,108.12999729999999,109.30531
2016-02-10,107.44999689999999,108.74274
2016-02-11,105.30999759999999,107.37195
2016-02-12,106.69000239999998,107.01098
2016-02-16,105.6200027,109.174965
2016-02-17,104.58999629999998,109.34171
2016-02-18,105.56999969999998,108.46601
2016-02-19,105.13999939999998,106.77622
2016-02-22,104.0999985,107.45687
2016-02-24,106.9899979,105.99232
2016-02-25,108.56999969999997,106.45015
2016-02-26,109.55000309999998,106.46862
2016-02-29,107.9100037,105.61724
2016-03-01,105.81999969999998,107.12767
2016-03-02,106.24999999999999,107.9818
2016-03-03,107.08000179999999,109.05805
2016-03-04,109.26000209999998,110.02301
2016-03-07,108.9499969,109.0792
2016-03-08,107.2200012,107.19479
2016-03-09,107.5400009,107.23267
2016-03-10,107.9300003,108.100426
2016-03-11,106.5999985,109.80016
2016-03-14,107.13999939999998,109.80558
2016-03-15,108.59999849999997,108.41482
2016-03-16,108.09999849999998,108.471115
2016-03-18,108.6900024,108.14765
2016-03-21,108.34999849999998,108.31296
2016-03-22,107.5999985,109.47835
2016-03-23,106.3199997,109.379196
2016-03-28,101.3799973,109.120865
2016-03-29,98.73999785999997,109.2305
2016-03-30,99.51000213999998,108.63716
2016-03-31,98.26999664,107.63239
2016-04-01,100.6600037,105.46576
2016-04-04,98.43000030999998,103.33648
2016-04-05,101.58000179999999,101.25307
2016-04-06,104.26000209999998,101.30914
2016-04-07,104.95999909999999,100.406136
2016-04-08,103.68000029999999,101.55562
2016-04-11,103.36000059999998,100.23621
2016-04-12,104.69999689999999,101.78173
2016-04-13,104.84999850000001,104.394325
2016-04-14,105.44000239999998,105.254166
2016-04-15,107.44999689999999,104.28594
2016-04-18,107.3399963,103.86821
2016-04-19,107.31999969999997,105.10361
2016-04-20,106.37000269999997,105.715355
2016-04-21,102.9599991,106.21957
2016-04-22,101.6999969,107.85224
2016-04-25,102.47000119999998,108.27046
2016-04-26,101.4499969,108.21286
2016-04-27,100.6200027,107.618034
2016-04-28,101.26999659999998,104.99596
2016-05-02,102.6100006,103.208885
2016-05-03,104.81999970000001,102.7692
2016-05-04,98.44000244,102.18655
2016-05-05,101.3799973,102.511604
2016-05-06,99.79000091999998,103.24642
2016-05-09,100.81999969999998,103.78144
2016-05-10,100.61000059999999,105.386955
2016-05-11,101.52999879999999,101.151436
2016-05-12,99.61000060999997,101.331924
2016-05-13,100.61000059999999,100.95969
2016-05-16,99.55000304999999,101.25338
2016-05-17,100.6399994,101.16773
2016-05-18,102.62000270000001,101.8013
2016-05-19,102.2699966,101.05477
2016-05-20,100.58999629999998,101.53231
2016-05-23,103.41000369999999,101.10278
2016-05-24,103.33000179999998,101.57707
2016-05-25,103.8199997,103.14022
2016-05-26,103.5,103.23047
2016-05-27,105.54000089999998,101.91377
2016-05-31,105.4899979,103.623375
2016-06-01,105.6500015,104.27282
2016-06-02,104.5,104.41624
2016-06-03,103.19999689999999,104.290405
2016-06-06,101.69000239999998,105.819
2016-06-07,101.0800018,106.352005
2016-06-08,102.4800034,106.513596
2016-06-09,101.9899979,105.796936
2016-06-10,103.2399979,104.64619
,105.80000309999998,103.32437
2016-06-14,107.12000269999999,102.77203
2016-06-15,106.49999999999999,103.72895
2016-06-16,109.94999689999999,103.51399
2016-06-17,103.9599991,104.09409
2016-06-20,100.2600021,106.18553
2016-06-21,99.84999846999999,107.63849
2016-06-22,101.51999659999998,107.37462
2016-06-23,99.98999785999997,109.70265
,99.63999938999999,106.1318
2016-06-27,99.18000031,101.60416
2016-06-28,99.77999877999999,100.8834
2016-06-30,102.06999969999998,101.42596
2016-07-01,105.6600037,100.931526
2016-07-05,106.5400009,100.605286
2016-07-06,107.86000059999999,101.11432
2016-07-21,110.76000209999998,111.413155
2016-07-22,111.5999985,112.50172
2016-07-25,111.2300034,111.02666
2016-07-26,109.9700012,110.54274
2016-07-27,110.0699997,111.47611
2016-07-28,112.3099976,111.955414
2016-07-29,115.95999909999999,112.57058
2016-08-01,117.41000369999999,112.46476
2016-08-02,117.41999819999998,111.44429
2016-08-03,116.9499969,111.25218
2016-08-04,117.76999659999998,113.05432
2016-08-05,117.7900009,116.08868
2016-08-08,117.5800018,117.45941
2016-08-09,117.2799988,117.52245
2016-08-11,118.94000239999998,118.06249
2016-08-12,119.62000269999999,118.469925
2016-08-15,120.58000179999999,118.55468
2016-08-16,119.80000309999998,118.45878
2016-08-17,120.90000149999999,119.94911
2016-08-18,120.2900009,120.08198
2016-08-22,120.3399963,121.35008
2016-08-23,121.23999789999999,121.03192
2016-08-24,120.62999729999999,121.59297
2016-08-25,121.0199966,121.49406
2016-08-29,120.6699982,120.892365
2016-08-30,120.7399979,121.886856
2016-08-31,121.01000209999998,121.67159
2016-09-01,118.66000369999999,121.82194
2016-09-02,120.3499985,122.8445
2016-09-06,118.8099976,122.08629
2016-09-07,117.44999689999999,121.77678
2016-09-08,118.1699982,122.15825
2016-09-09,114.62999729999999,120.45238
2016-09-12,115.0699997,121.12562
2016-09-13,116.45999909999998,120.36867
2016-09-14,119.4499969,118.891495
2016-09-15,120.80000309999998,119.22412
2016-09-19,117.09999849999998,116.089554
2016-09-20,118.31999969999998,117.105225
2016-09-21,117.6299973,119.88695
2016-09-22,115.98999789999999,121.12742
2016-09-23,116.0599976,118.6382
2016-09-26,115.2600021,117.783485
2016-09-27,115.3300018,119.055626
2016-09-28,117.06999969999998,118.75935
2016-09-29,116.44000239999998,117.23872
2016-09-30,115.8899994,117.12171
2016-10-03,116.41999819999998,116.87002
2016-10-04,115.3199997,116.750114
2016-10-05,115.15000149999997,118.092674
2016-10-06,114.6900024,117.7899
2016-10-07,115.0899963,117.07317
2016-10-10,115.4300003,117.453064
2016-10-11,115.0500031,116.8606
2016-10-12,114.88999939999998,116.40349
2016-10-13,116.13999939999998,116.16787
2016-10-14,115.26999659999998,116.436455
2016-10-17,115.4499969,116.718216
2016-10-18,115.24999999999999,116.44723
2016-10-19,115.49999999999999,116.278244
2016-10-20,114.84999849999997,117.22888
2016-10-21,114.8099976,116.77016
2016-10-24,115.6600037,116.5625
2016-10-25,114.7300034,116.508896
2016-10-26,113.37999729999999,116.705025
2016-10-27,113.1699982,116.25903
2016-10-31,112.4800034,116.729935
2016-11-01,113.8099976,116.246994
2016-11-02,111.80999759999999,114.97788
2016-11-03,110.86000059999999,114.595726
2016-11-04,111.9499969,112.71071
2016-11-07,111.77999879999999,113.466736
2016-11-08,112.48999789999999,114.78064
2016-11-09,112.5699997,113.26133
2016-11-10,113.2399979,111.948364
2016-11-11,114.0400009,112.80346
2016-11-14,114.51000209999998,113.06427
2016-11-15,113.7799988,113.42136
2016-11-16,114.51000209999998,113.59989
2016-11-17,117.8000031,114.21696
2016-11-18,117.65000149999999,115.04104
2016-11-22,118.5299988,115.244156
2016-11-23,117.76999659999998,115.5771
2016-11-25,116.83000179999999,118.14781
2016-11-28,117.5599976,118.438385
2016-11-29,117.8799973,118.60242
2016-11-30,121.45999909999999,119.06432
2016-12-02,122.98000339999999,117.860695
2016-12-05,121.86000059999999,118.518654
2016-12-06,123.0699997,119.09375
2016-12-07,121.0599976,121.77553
2016-12-22,117.19999689999999,121.860115
2016-12-23,118.55000309999998,122.22509
2016-12-27,121.1900024,121.14062
2016-12-28,120.44000239999998,120.049484
2016-12-29,120.1299973,118.91046
,119.73999789999999,118.809296
2017-01-03,119.76000209999998,119.7996
2017-01-04,119.91000369999999,121.823616
2017-01-05,119.6399994,121.39352
2017-01-06,119.8099976,120.832794
2017-01-09,118.4100037,120.754715
2017-01-11,119.30999759999999,120.91414
2017-01-12,118.91999819999998,120.97495
2017-01-13,118.29000089999998,121.13925
2017-01-17,117.63999939999998,120.13402
2017-01-18,119.05999759999999,120.070366
2017-01-19,118.98000339999999,120.601074
2017-01-20,116.69000239999998,120.32342
2017-01-23,116.06999969999998,119.65977
2017-01-24,115.75,119.1044
2017-01-25,115.2600021,120.16796
2017-01-26,114.5299988,120.30664
2017-01-27,115.12000269999997,118.36133
2017-01-30,113.3099976,117.3815
2017-01-31,113.04000089999998,117.23162
2017-02-01,113.2699966,116.81125
2017-02-02,111.9199982,116.150276
2017-02-03,112.8899994,116.461464
2017-02-06,114.1299973,115.28404
2017-02-07,114.4700012,114.566925
2017-02-08,113.6100006,114.7283
2017-02-09,113.34999849999998,113.73511
2017-02-10,113.69999689999999,114.0158
2017-02-13,114.30000309999998,115.12818
2017-02-14,114.4000015,115.54424
2017-02-15,114.58999629999998,114.83579
2017-02-16,113.76999659999998,114.47359
2017-02-17,114.2399979,114.868965
2017-02-21,113.1500015,115.43394
2017-02-22,114.73999789999999,115.59627
2017-02-23,113.3899994,115.726875
2017-02-24,113.33999629999998,115.24223
2017-02-27,112.9100037,115.43707
2017-02-28,112.65000149999997,114.77288
2017-03-01,111.80000309999998,115.66946
2017-03-02,112.1900024,114.90783
2017-03-03,112.66000369999999,114.43861
2017-03-06,113.40000149999999,114.201195
2017-03-07,112.08999629999998,113.997894
2017-03-08,113.2399979,113.31531
2017-03-09,113.2399979,113.546364
2017-03-10,112.20999909999999,114.038345
2017-03-14,111.38999939999998,113.834785
2017-03-15,110.83000179999999,114.28412
2017-03-16,110.51000209999998,114.457596
2017-03-17,111.3600006,113.60899
2017-04-03,105.9800034,109.38014
2017-04-04,106.40000150000002,108.86301
2017-04-05,105.44000239999998,108.059494
2017-04-06,104.1800003,107.338066
2017-04-07,106.12000269999999,107.50534
2017-04-10,105.3199997,107.54175
2017-04-11,104.62000269999999,107.68975
2017-04-13,106.58000179999999,105.85658
2017-04-17,106.9899979,106.90845
2017-04-18,108.7200012,106.786
2017-04-19,109.91000369999999,105.90985
2017-04-20,109.4100037,106.73993
2017-04-21,108.1399994,107.52623
2017-04-24,108.30000309999998,107.88446
2017-04-25,109.2399979,109.25474
2017-04-27,109.1600037,110.64624
2017-04-28,109.91000369999999,109.63653
2017-05-01,110.19000239999998,109.30069
2017-05-02,108.45999909999999,110.094246
2017-05-03,105.8099976,110.08367
2017-05-04,106.83999629999998,110.20772
2017-05-05,106.45999910000002,110.88011
2017-05-08,106.41000369999998,111.35189
2017-05-10,105.79000089999998,107.76032
2017-05-11,106.76999659999997,107.71591
2017-05-12,107.55999759999999,107.88989
2017-05-15,107.49999999999999,107.702225
2017-05-16,108.08000179999999,107.97133
2017-05-17,107.31999969999997,107.270645
2017-05-18,107.30000309999997,107.82667
2017-05-19,107.09999849999998,108.69787
2017-05-22,107.8799973,108.72901
2017-05-23,107.5400009,109.01226
2017-05-24,108.40000149999999,108.61355
2017-05-25,109.3700027,108.5029
2017-05-26,107.7600021,108.45081
2017-05-30,107.8000031,109.02891
2017-05-31,107.52999879999999,108.91004
2017-06-01,105.7799988,109.406784
2017-06-02,105.7399979,110.335556
2017-06-05,106.4499969,109.34303
2017-06-06,107.41000369999999,108.87036
2017-06-07,106.6999969,108.81062
2017-06-08,105.7799988,107.52895
2017-06-09,104.90000149999999,107.06643
2017-06-12,104.69999689999999,107.70483
2017-06-13,103.8199997,108.540436
2017-06-14,104.5599976,108.05123
2017-06-15,105.4899979,107.142456
2017-06-16,105.2399979,106.45473
2017-06-19,104.9800034,106.19752
2017-06-20,104.54000089999998,105.537
2017-06-21,105.30999759999999,105.92204
2017-06-22,104.33999629999998,106.6714
2017-06-23,105.01999659999998,106.54692
2017-06-26,106.0299988,106.234695
2017-06-27,108.5299988,105.91886
2017-06-28,107.44999689999999,106.44572
2017-06-29,108.4700012,105.9203
2017-06-30,108.2200012,106.125465
2017-07-03,108.2099991,107.010735
2017-07-06,109.8399963,108.95591
2017-07-07,110.1999969,109.36388
2017-07-10,110.33000179999999,109.17405
2017-07-11,109.99999999999999,109.08559
2017-07-12,109.69999689999999,110.34137
2017-07-13,109.8399963,110.809044
2017-07-14,109.30999759999999,111.06997
2017-07-17,109.4100037,111.31907
2017-07-18,110.1299973,111.2067
2017-07-19,110.7699966,110.95115
2017-07-20,111.6699982,111.140884
2017-07-21,112.26000209999997,110.85937
2017-07-24,112.8399963,110.797035
2017-07-25,114.1699982,111.36409
2017-07-26,114.19000239999998,111.94506
2017-07-27,112.73000339999999,112.651276
2017-07-28,113.63999939999998,113.221214
2017-07-31,114.1299973,113.82443
2017-08-01,114.22000119999998,115.000534
2017-08-02,113.09999849999998,115.27571
2017-08-03,112.37999729999997,114.10664
2017-08-04,112.12000269999999,114.43173
2017-08-07,113.02999879999999,115.12957
2017-08-08,113.2799988,115.25846
2017-08-09,112.38999939999998,114.42597
2017-08-10,111.4499969,113.72406
2017-08-11,111.73000339999999,113.55488
2017-08-14,112.72000119999998,114.275635
2017-08-15,112.8700027,114.56565
2017-08-16,112.8499985,113.81681
2017-08-17,112.2200012,112.93536
2017-08-21,112.2699966,113.793465
2017-08-22,112.08000179999999,114.10531
2017-08-23,112.29000089999997,114.000015
2017-08-24,112.98000339999999,113.55927
2017-08-25,113.02999879999999,113.984665
2017-08-28,113.62000269999999,113.74563
2017-08-29,113.7300034,113.44939
2017-08-30,114.27999879999999,113.5834
2017-08-31,114.9700012,114.15687
2017-09-01,116.2300034,114.298515
2017-09-05,116.5400009,114.71125
2017-09-06,116.6100006,114.9591
2017-09-07,117.09999849999998,115.410126
2017-09-08,117.69000239999998,116.0407
2017-09-11,117.5899963,117.1107
,120.0599976,117.54244
2017-09-14,120.0500031,118.0686
2017-09-15,120.62999729999999,118.69152
2017-09-18,120.9700012,118.73051
2017-09-19,121.3300018,120.6031
2017-09-20,121.48999789999998,121.20589
2017-09-21,119.59999849999998,120.85033
2017-09-22,119.16999820000001,121.29347
2017-09-25,119.30999759999999,121.852196
2017-09-26,120.3399963,122.2064
2017-09-27,120.9700012,122.560295
2017-09-28,120.83999629999998,121.2371
2017-09-29,121.8700027,120.45386
2017-10-02,121.66999819999997,120.63742
2017-10-03,124.0800018,121.48918
2017-10-04,123.5599976,121.99591
2017-10-05,123.19000239999997,121.87061
2017-10-09,123.4199982,122.937454
2017-10-10,123.30999760000002,124.80444
2017-10-11,124.2600021,124.58727
2017-10-12,123.0699997,123.963356
2017-10-13,123.70999909999999,124.196465
2017-10-17,123.8799973,124.37013
2017-10-18,122.33999629999997,125.3253
2017-10-19,123.8499985,124.58946
,124.23000339999999,124.714325
2017-10-23,124.3899994,124.20462
2017-10-24,123.99999999999999,124.85994
2017-10-25,124.4300003,123.8527
2017-10-26,125.30999759999999,124.62109
2017-10-27,125.6200027,125.2476
2017-10-30,125.62999729999999,125.319405
2017-10-31,127.45999909999999,125.021355
2017-11-01,127.98000339999999,125.39232
2017-11-02,125.4599991,126.308945
2017-11-03,124.4899979,126.74208
2017-11-06,125.6699982,126.72776
2017-11-07,124.87000269999999,128.1656
2017-11-08,123.66000369999999,128.88683
2017-11-09,124.3700027,126.87974
2017-11-10,123.29000089999998,125.56098
2017-11-13,124.2900009,126.606316
2017-11-14,125.77999879999997,126.21077
2017-11-15,126.08000179999998,124.95124
2017-11-16,126.05000309999998,125.40458
2017-11-17,125.9800034,124.90209
2017-11-20,126.9599991,125.35139
2017-11-21,126.5500031,126.68978
2017-11-22,126.3399963,127.02872
,124.36000059999999,126.93041
2017-11-27,123.91999819999998,126.95791
2017-11-28,123.68000029999999,127.8841
2017-11-29,122.97000119999998,127.769226
2017-11-30,123.3899994,127.47886
2017-12-01,124.4499969,125.99735
2017-12-04,123.93000029999999,125.28669
2017-12-05,124.24999999999999,125.16258
2017-12-06,124.91999819999998,124.63102
2017-12-07,125.0,124.74598
2017-12-08,124.33999629999998,125.59278
2017-12-11,127.31999969999998,125.32221
2017-12-13,127.6299973,125.98996
2017-12-14,128.2799988,126.21275
2017-12-15,128.32000729999996,125.62959
2017-12-18,127.98000339999999,127.8289
2017-12-19,128.22999569999996,127.99127
2017-12-20,128.2700043,128.0936
2017-12-21,127.1699982,128.82556
2017-12-22,128.3699951,129.10664
2017-12-26,130.1300049,128.86525
2017-12-27,132.1600037,129.27287
2017-12-28,133.8600006,129.51501
2017-12-29,134.7700043,128.65477
2018-01-02,133.72000119999998,129.3598
2018-01-03,136.3999939,130.9821
2018-01-04,136.9100037,132.63655
2018-01-05,137.1999969,134.05907
2018-01-08,137.9700012,135.00726
2018-01-09,140.7200012,134.57094
2018-01-10,138.6300049,136.51234
2018-01-11,139.8500061,137.43988
2018-01-12,139.3999939,137.55042
2018-01-16,139.2799988,138.28525
2018-01-17,139.0299988,140.81776
2018-01-18,138.17999269999999,139.56676
,139.55999759999997,139.98967
2018-01-22,139.5299988,140.18106
2018-01-23,139.6199951,140.00093
2018-01-24,137.9199982,139.7849
2018-01-25,138.80000309999997,139.33897
2018-01-26,136.61999509999998,140.49281
2018-01-29,131.92999269999999,140.70514
2018-01-30,138.7599945,140.58699
2018-01-31,136.8800049,139.27484
2018-02-01,134.42999269999999,139.74391
2018-02-02,136.5700073,138.25427
2018-02-06,135.0399933,137.88019
2018-02-07,135.4700012,137.10054
2018-02-08,135.2799988,134.65407
2018-02-09,136.1999969,136.42416
2018-02-13,134.80000309999997,136.477
2018-02-14,135.2299957,136.1448
2018-02-15,137.0299988,136.18645
2018-02-16,138.4299927,136.85603
2018-03-06,130.0,131.07222
2018-03-07,130.0,130.19147
2018-03-09,129.9100037,130.84819
2018-03-12,127.8399963,131.69868
2018-03-13,129.24999999999997,131.34895
2018-03-14,129.2799988,131.1503
2018-03-15,127.01999660000001,131.59694
2018-03-16,124.49999999999997,131.3486
2018-03-19,127.3099976,129.55576
2018-03-20,128.03999329999996,130.25397
2018-03-21,129.36999509999998,130.56252
2018-03-22,130.36999509999998,128.55603
2018-03-23,126.5899963,126.12505
2018-03-26,128.3500061,128.13232
2018-03-27,127.7600021,129.11285
2018-03-28,127.40000149999999,129.74835
2018-03-29,125.3700027,130.60646
2018-04-02,126.16999819999998,127.93545
2018-04-03,128.2599945,128.66733
2018-04-04,127.80999759999999,128.91684
2018-04-05,128.6300049,128.3125
2018-04-06,128.52999879999996,126.589386
2018-04-09,128.8200073,127.03694
2018-04-10,129.3399963,129.11293
2018-04-11,129.0700073,128.9245
2018-04-12,128.49000549999997,129.1909
2018-04-13,129.2299957,129.3939
2018-04-16,129.0700073,129.76164
2018-04-18,131.1000061,130.25116
2018-04-19,131.6100006,129.83885
2018-04-20,131.0099945,130.31213
2018-04-23,130.9799957,130.36087
2018-04-25,130.1799927,131.95198
2018-04-26,130.1100006,132.56073
2018-04-27,131.3200073,132.02599
2018-04-30,131.50999449999998,131.92793
2018-05-01,130.89999389999997,132.09511
2018-05-03,138.3899994,131.19458
2018-05-04,138.0700073,132.29129
2018-05-07,138.1399994,132.69524
2018-05-08,136.22000119999998,132.08194
2018-05-09,137.3500061,136.24664
2018-05-10,136.6699982,138.42447
2018-05-11,136.0399933,137.84453
2018-05-14,136.44999689999997,137.89638
2018-05-15,135.7400055,136.84164
2018-05-16,134.8300018,137.56839
2018-05-18,129.9600067,136.96492
2018-05-21,126.6999969,137.37895
2018-05-22,127.2300034,137.0194
2018-05-23,127.97000119999998,136.23962
2018-05-25,134.2799988,131.61996
2018-05-29,133.4600067,128.74628
,136.16999819999998,129.10995
2018-05-31,136.44999689999997,129.7284
2018-06-01,136.2100067,131.9128
2018-06-04,137.1499939,134.25983
2018-06-05,134.5500031,133.74208
2018-06-06,135.41000369999998,135.90138
2018-06-07,135.4400024,136.9081
2018-06-08,135.80999759999997,136.53937
2018-06-11,136.5200043,137.31107
2018-06-12,136.14999389999997,135.69589
2018-06-13,134.36999509999998,135.92673
2018-06-14,132.66000369999998,136.46829
2018-06-15,131.0,136.73473
2018-06-18,128.5700073,137.26108
2018-06-19,129.21000669999998,137.10498
2018-06-20,127.11000059999999,135.84674
2018-06-21,129.0899963,134.26009
2018-06-22,128.8099976,132.78706
2018-06-25,127.9300003,130.70676
2018-06-26,127.40000149999999,130.86414
2018-06-27,129.0700073,129.27647
2018-06-28,129.55999759999997,130.17943
2018-06-29,130.6999969,130.13313
2018-07-02,129.27000429999998,129.12405
2018-07-03,128.05999759999997,128.60669
2018-07-05,129.17999269999999,129.96931
2018-07-06,129.5099945,130.59871
2018-07-09,129.5099945,131.38036
2018-07-10,131.44999689999997,130.40594
2018-07-11,132.0899963,129.21825
2018-07-13,131.8000031,130.55974
2018-07-16,131.7299957,130.64578
2018-07-17,132.5800018,132.01347
2018-07-18,132.2100067,132.8441
2018-07-19,133.3300018,132.68271
2018-07-20,134.46000669999998,132.6847
2018-07-23,134.9799957,132.78027
2018-07-24,131.8399963,133.46257
2018-07-25,131.6300049,133.39755
2018-07-26,131.05000309999997,134.20006
2018-07-27,131.30000309999997,135.30228
2018-07-30,128.4499969,135.80753
2018-07-31,128.5200043,133.34082
2018-08-01,127.08999629999998,132.54768
2018-08-02,125.4499969,132.38412
2018-08-03,124.23000339999999,132.47777
2018-08-06,123.5,130.18129
2018-08-07,123.44999689999999,129.74464
2018-08-08,121.84999849999998,128.93613
2018-08-09,122.7600021,127.33922
2018-08-10,123.27999879999997,126.06332
2018-08-13,123.2699966,125.40422
2018-08-14,122.5699997,125.25188
2018-08-15,123.73999789999999,123.917854
2018-08-16,122.26000209999998,124.18066
2018-08-17,122.8399963,124.687096
2018-08-20,126.47000119999998,124.55838
2018-08-21,126.06999969999998,123.89528
2018-08-22,127.4800034,124.68704
2018-08-23,125.2600021,123.866486
2018-08-24,124.0800018,123.866455
2018-08-27,122.01000209999998,126.82901
2018-08-28,120.47000119999998,126.86676
2018-08-29,120.19000239999998,127.48622
2018-08-30,119.3000031,126.20836
2018-08-31,119.1800003,125.001465
2018-09-06,121.9599991,120.682976
2018-09-10,122.4800034,120.01698
2018-09-25,125.7099991,127.10356
2018-09-26,122.69999689999997,127.373795
2018-09-27,122.18000029999999,125.785774
2018-09-28,121.49999999999999,125.397156
2018-10-01,121.72000119999998,126.02064
2018-10-02,119.91999819999998,126.87057
2018-10-03,117.77999879999999,124.56981
2018-10-04,116.74999999999999,123.360374
2018-10-05,116.76000209999998,123.000305
2018-10-08,115.62999729999999,123.07471
2018-10-09,118.04000089999998,121.62096
2018-10-10,117.73000339999999,119.64116
2018-10-11,116.66999820000001,118.65645
2018-10-12,116.3199997,118.58914
2018-10-15,117.09999849999998,117.60096
2018-10-16,117.97000119999998,119.03921
2018-10-17,114.56999969999998,119.00434
2018-10-18,116.6600037,117.904594
2018-10-19,117.30000309999998,117.47878
2018-10-22,115.30999759999999,118.15988
2018-10-23,116.23999789999999,118.93339
2018-10-24,117.05000309999998,116.49543
2018-10-25,117.69999689999997,117.19993
2018-10-29,115.4100037,116.95674
2018-10-30,117.5800018,117.054146
2018-10-31,119.30999759999999,117.80657
,117.29000089999998,118.52628
2018-11-02,117.23999789999999,116.95756
2018-11-05,115.56999969999998,116.441475
2018-11-06,115.1100006,118.31652
2018-11-07,116.87999729999999,119.9455
2018-11-08,117.0,118.401924
2018-11-09,116.9599991,117.84752
2018-11-12,117.1399994,116.97693
2018-11-13,117.29000089999998,116.38349
2018-11-14,119.24999999999999,117.715256
2018-11-15,119.70999909999999,118.1257
2018-11-16,121.2699966,117.94287
2018-11-19,121.0,118.097275
2018-11-20,121.5800018,118.44898
2018-11-21,121.77999879999999,119.99795
2018-11-23,121.48000339999999,120.644936
2018-11-26,123.51000209999998,121.76486
2018-11-27,120.87999729999999,121.87151
2018-11-28,121.83000179999999,122.26099
2018-11-29,119.9700012,122.657005
2018-11-30,120.9400024,122.5795
2018-12-03,120.4100037,124.08191
2018-12-04,121.8899994,122.445854
2018-12-06,120.77999880000002,122.42317
2018-12-07,120.0999985,121.40249
2018-12-10,119.55000309999998,121.778015
2018-12-11,120.0100021,121.56583
2018-12-12,119.37999729999999,122.590576
2018-12-13,118.44999689999999,122.07279
2018-12-14,113.95999909999998,121.27426
2018-12-17,111.80999759999999,120.89524
2018-12-18,113.7200012,121.285934
2018-12-19,115.48000339999999,120.83416
2018-12-20,116.3399963,120.0161
2018-12-21,116.0800018,116.483154
2018-12-24,116.2799988,113.83302
2018-12-26,114.65000149999999,115.02869
2018-12-27,119.7300034,116.5895
2018-12-28,121.2799988,116.96789
2018-12-31,122.3099976,116.62214
2019-01-02,122.91999819999997,117.047356
2019-01-04,125.0699997,119.65882
2019-01-07,125.38999939999997,121.34209
2019-01-08,126.2799988,121.99818
2019-01-09,125.6600037,122.71072
2019-01-25,121.99999999999997,123.851906
2019-01-28,122.9000015,123.93006
2019-01-29,123.4700012,123.55338
2019-01-30,121.05000309999998,124.18458
2019-01-31,118.11000059999999,124.44901
2019-02-01,117.3099976,123.44291
2019-02-04,117.15000149999999,123.9077
2019-02-05,119.7799988,124.62718
2019-02-06,119.62999729999999,122.76047
2019-02-07,119.24999999999999,119.884674
2019-02-08,121.15000149999999,118.91905
2019-02-11,121.48999789999998,118.83249
2019-02-12,122.7900009,120.68407
2019-02-13,121.23999789999999,120.66814
2019-02-14,121.81999969999998,120.07111
2019-02-15,122.41000369999999,121.677124
2019-02-19,123.23000339999999,122.45829
2019-02-20,122.31999969999998,123.315285
2019-02-21,121.04000089999998,122.4017
2019-02-25,118.4199982,123.074265
2019-02-26,118.26000209999998,124.05363
2019-02-27,117.98000339999999,123.47736
2019-02-28,117.23999789999999,122.31277
2019-03-01,117.70999909999998,121.73655
2019-03-04,119.1299973,120.32091
2019-03-05,118.7600021,119.82132
2019-03-06,119.30999759999999,119.696815
2019-03-07,117.69999689999997,119.00108
2019-03-08,118.97000119999998,119.11408
2019-03-11,119.51000209999998,120.23399
2019-03-12,119.7300034,120.121864
2019-03-13,119.6699982,120.29284
2019-03-14,120.44000239999998,119.222626
2019-03-15,120.22000119999998,119.83274
2019-03-18,120.4899979,120.52447
2019-03-19,121.76999659999998,120.7087
2019-03-20,121.0299988,120.64265
2019-03-21,119.0699997,121.2852
2019-03-22,118.01999659999998,121.46167
2019-03-25,119.87999729999999,121.65699
2019-03-26,120.6500015,122.705986
2019-03-27,121.06999969999998,122.335304
2019-03-28,122.08000179999999,120.5579
2019-03-29,122.5400009,119.44568
2019-04-02,122.05999760000002,121.80958
2019-04-03,122.18000029999999,122.14916
2019-04-04,121.04000089999998,122.66694
2019-04-05,122.40000149999999,123.3353
2019-04-08,121.97000119999997,123.360985
2019-04-09,121.74999999999999,123.23884
2019-04-10,124.0800018,123.35724
2019-04-11,125.16000369999999,122.53845
2019-04-12,124.1600037,123.34495
2019-04-15,124.9400024,123.29443
2019-04-16,122.8799973,122.919174
2019-04-17,123.19000239999997,124.68662
2019-04-18,123.62000269999999,125.87934
2019-04-22,123.8099976,125.11624
2019-04-23,123.59999849999998,125.499275
2019-04-24,122.91999819999997,124.29516
2019-04-25,122.5899963,124.08341
2019-04-26,123.65000149999999,124.675476
2019-04-29,122.98000339999999,124.93501
2019-04-30,122.5,124.70431
2019-05-01,121.7600021,124.194664
2019-05-02,119.31999969999998,124.04571
2019-05-03,119.26999659999998,124.88998
2019-05-06,118.26000209999998,124.46007
2019-05-07,119.0699997,123.80392
2019-05-08,120.6399994,123.20999
2019-05-09,119.90000149999999,121.29404
2019-05-10,118.40000149999999,120.73348
2019-05-13,118.11000059999999,120.11756
2019-05-14,118.25000000000001,120.45712
2019-05-15,117.31999969999998,121.63379
2019-05-16,117.4700012,121.117096
2019-05-17,118.55000309999998,119.78263
2019-05-20,119.4000015,119.398735
2019-05-21,119.55000309999998,119.599434
2019-05-22,119.75,118.870316
2019-05-23,117.5800018,118.79978
2019-05-24,118.12999729999999,119.69857
2019-05-28,119.54000089999998,120.48933
2019-05-29,120.22000119999998,120.61735
2019-05-30,121.3000031,120.75883
2019-06-03,123.48999789999999,119.134224
2019-06-04,124.98999789999999,120.19764
2019-06-05,125.6800003,121.09512
2019-06-06,124.79000089999998,121.8946
2019-06-07,124.3899994,122.887886
2019-06-11,125.3700027,125.78691
2019-06-12,125.20999909999999,126.68043
2019-06-13,125.80000309999998,125.83789
2019-06-14,124.83000179999998,125.260345
2019-07-01,126.9000015,126.15047
2019-07-02,127.37999729999999,127.67966
2019-07-03,126.74999999999999,127.76695
2019-07-05,127.70999909999999,127.51569
2019-07-08,127.6299973,127.81408
2019-07-09,128.61000059999998,127.97899
2019-07-10,129.3600006,128.40015
2019-07-11,129.8099976,128.08784
2019-07-12,130.1699982,128.71214
2019-07-15,131.1399994,128.85475
2019-07-16,131.74999999999997,129.53989
2019-07-18,132.5,130.93704
2019-07-19,131.9499969,131.27303
2019-07-22,131.7299957,131.98563
2019-07-23,131.1300049,132.68132
2019-07-24,129.0500031,133.7698
2019-07-25,129.6199951,133.55594
2019-07-26,128.94999689999997,132.95888
2019-07-29,128.3000031,132.81195
2019-07-30,127.05000309999998,132.4534
2019-07-31,128.2200012,130.73804
2019-08-01,129.3500061,130.89473
2019-08-02,128.9799957,130.57147
2019-08-07,126.48000339999999,129.06367
2019-08-08,127.36000059999998,130.13753
2019-08-09,128.7899933,130.17929
2019-08-12,129.6399994,129.41121
2019-08-13,129.0299988,130.27707
2019-08-14,129.8800049,128.2879
2019-08-15,129.64999389999997,128.2066
2019-08-16,127.8300018,129.65942
2019-08-19,130.7799988,130.39854
2019-08-20,130.46000669999998,129.7858
2019-08-21,130.2899933,130.41621
2019-08-22,130.49999999999997,130.812
2019-08-23,130.63000489999996,129.33115
2019-08-26,131.5700073,131.2489
2019-08-27,132.1000061,131.47035
2019-08-28,131.16999819999998,130.92271
2019-08-29,132.0500031,131.15344
2019-08-30,132.83000179999996,131.49857
2019-09-03,133.6199951,132.33006
2019-09-04,135.5500031,133.09369
2019-09-05,135.78999329999996,132.45427
2019-09-06,136.66000369999998,132.92421
2019-09-09,135.9400024,133.795
2019-09-10,137.8200073,134.48842
2019-09-11,137.0500031,136.04655
2019-09-12,136.5500031,136.47801
2019-09-13,136.5599976,137.21736
2019-09-16,136.3699951,136.9237
2019-09-18,136.61999509999998,138.20337
2019-09-20,136.27999879999996,137.48045
2019-10-08,136.86999509999998,131.18831
2019-10-09,136.7599945,133.01997
2019-10-10,135.9499969,134.12292
2019-10-11,135.77000429999998,136.01468
2019-10-14,136.3200073,135.84021
2019-10-15,136.35000609999997,137.02234
2019-10-16,137.3200073,137.37378
2019-10-17,138.1499939,136.6835
2019-10-18,138.2799988,136.50937
2019-10-23,139.0200043,138.15662
2019-10-24,138.55000309999997,139.15428
2019-10-25,139.8300018,139.25797
2019-11-11,143.6000061,146.99825
2019-11-12,142.8500061,146.14908
2019-11-13,141.3699951,144.87033
2019-11-14,142.1399994,144.64943
2019-11-15,142.5299988,145.2558
2019-11-18,142.5399933,144.87477
2019-11-19,141.9700012,144.12547
2019-11-20,141.66000369999998,142.90742
2019-11-21,140.2100067,143.40929
2019-11-22,140.2700043,143.82593
2019-11-25,140.72999569999996,143.65443
2019-11-26,143.3800049,143.104
2019-11-27,142.8300018,142.86406
2019-11-29,142.7700043,141.79956
2019-12-02,141.8899994,141.6228
2019-12-03,141.1799927,142.06628
2019-12-04,141.6199951,144.1212
2019-12-05,141.60000609999997,143.65994
2019-12-06,142.1000061,143.27597
2019-12-09,142.5299988,142.88446
2019-12-10,142.7700043,142.30682
2019-12-11,142.3899994,142.58018
2019-12-12,142.7599945,142.85072
2019-12-13,141.9700012,143.18404
2019-12-16,141.96000669999998,143.54681
2019-12-17,141.3399963,143.82256
2019-12-18,141.5299988,143.63182
2019-12-19,141.27999879999996,143.86981
2019-12-20,140.6100006,143.32237
2019-12-23,140.5399933,143.12883
2019-12-24,142.2400055,142.71124
2019-12-26,140.74999999999997,142.78888
2019-12-27,140.77000429999998,142.62157
2019-12-30,141.50999449999998,142.02281
2019-12-31,141.1600037,141.89697
2020-01-02,140.5099945,143.30472
2020-01-03,139.72999569999996,142.12018
2020-01-06,140.5599976,141.63374
2020-01-07,140.3699951,142.4645
2020-01-08,139.3600006,142.30388
2020-01-09,140.1000061,141.55165
2020-01-10,140.0399933,141.0028
2020-01-13,142.3800049,141.7423
2020-01-14,141.5599976,141.67206
2020-01-15,143.0599976,140.67972
2020-01-16,142.7599945,141.16185
2020-01-17,141.0599976,141.30612
2020-01-21,142.5800018,143.04716
2020-01-22,141.5500031,142.53253
2020-01-23,141.0800018,143.39906
2020-01-24,138.8399963,143.58345
2020-01-27,138.9199982,142.09209
2020-01-28,140.9499969,143.10094
2020-01-29,141.7200012,142.73927
2020-01-30,143.8500061,142.004
2020-01-31,142.33999630000002,140.28232
2020-02-03,141.27999879999996,140.13757
2020-02-04,142.1100006,141.92758
2020-02-05,142.4299927,142.58253
2020-02-06,141.1000061,144.05804
2020-02-07,140.1499939,143.08092
2020-02-10,139.3800049,142.04208
2020-02-11,137.8399963,142.87573
2020-02-12,139.1100006,143.38853
2020-02-13,139.0399933,142.13467
2020-02-14,134.4900055,141.2581
2020-02-18,134.0299988,140.81758
2020-02-19,135.1300049,139.56345
2020-02-20,131.3999939,140.34407
2020-02-21,130.74999999999997,140.41734
2020-02-24,132.7100067,136.42838
2020-02-25,130.9499969,135.20894
2020-02-26,131.8500061,136.4668
2020-02-28,127.11000059999999,131.71269
2020-03-02,122.7900009,133.13625
2020-03-03,126.9899979,132.57794
2020-03-04,122.7900009,132.6231
2020-03-05,112.19999689999999,130.71976
2020-03-06,116.2300034,128.69913
2020-03-09,108.5,125.12986
2020-03-10,118.88999939999998,127.81649
2020-03-11,116.06999969999998,124.91156
2020-03-12,118.23000339999997,115.08583
2020-03-13,116.45999909999998,116.629524
2020-03-16,111.09999849999997,111.831055
2020-03-17,116.3499985,117.65137
2020-03-18,121.2900009,116.44103
2020-03-19,126.3399963,116.55907
2020-03-20,127.23999789999999,116.16352
2020-03-23,125.22000119999998,112.012314
2020-03-24,119.94999689999999,115.33101
2020-03-26,117.8199997,126.33221
2020-03-27,115.0,126.862274
2020-03-30,122.41000369999999,124.193886
2020-03-31,121.9000015,120.69926
2020-04-16,121.6800003,122.40204
2020-04-17,122.5599976,125.212875
2020-04-21,125.4899979,121.62304
2020-04-22,127.8600006,121.94647
2020-04-23,123.58999629999997,122.76669
2020-04-24,121.12000269999999,123.338234
2020-04-27,120.6999969,124.72062
2020-04-28,121.9599991,126.152214
2020-04-29,121.5800018,128.24313
2020-04-30,121.51999659999998,125.225044
2020-05-04,123.62000269999999,120.92996
2020-05-05,120.16999819999998,122.293205
2020-05-06,117.7600021,122.67889
2020-05-07,116.9499969,122.46584
2020-05-22,126.44999689999997,118.398445
2020-05-26,126.48000339999999,123.1357
2020-05-27,128.7299957,126.502106
2020-05-28,128.1600037,127.51125
2020-05-29,131.1000061,125.84295
2020-06-01,132.07000729999996,126.206635
2020-06-02,130.5899963,126.81162
2020-06-03,131.0099945,128.90288
2020-06-04,124.44000239999997,128.86879
2020-06-05,127.8199997,130.94534
2020-06-08,127.40000149999999,132.42253
2020-06-09,129.6000061,131.36504
2020-06-10,128.8800049,131.41925
2020-06-11,129.11999509999998,126.62278
2020-06-12,127.7900009,127.91225
2020-06-15,128.13000489999996,128.45026
2020-06-16,129.0899963,129.64728
2020-06-17,127.8000031,129.18248
2020-06-18,127.76999659999998,129.23936
2020-06-19,126.16000369999999,128.91554
2020-06-22,126.8899994,129.23956
2020-06-23,125.62999729999999,130.05788
2020-06-24,124.13999939999997,129.19318
2020-06-25,126.38999939999998,128.80577
2020-06-26,126.98000339999999,127.74627
2020-06-30,125.41000370000002,127.16095
2020-07-01,123.8300018,125.83885
2020-07-02,124.9700012,127.3301
2020-07-06,125.05000310000001,128.0498
2020-07-07,126.43000029999999,126.24885
2020-07-08,127.33000179999998,126.18633
2020-07-10,127.05999759999997,125.755936
2020-07-14,126.2699966,127.16308
2020-07-15,126.2600021,128.16783
2020-07-16,125.86000059999999,127.53637
2020-07-17,125.20999909999999,127.88394
2020-07-20,127.5699997,128.36421
2020-07-21,125.4599991,127.58593
2020-07-22,123.98999789999999,127.37002
2020-07-23,122.45999909999999,127.22962
2020-07-24,119.33999629999998,126.70944
2020-07-27,120.9400024,128.42607
2020-07-28,122.9100037,127.01169
2020-07-29,124.81999969999998,125.174934
2020-07-30,128.3399963,123.95744
2020-07-31,129.9600067,121.473236
2020-08-03,130.5700073,122.060715
2020-08-04,133.75,123.9481
2020-08-05,136.4400024,125.34016
2020-08-06,135.6399994,128.00677
2020-08-10,135.5299988,131.03986
2020-08-11,136.0800018,133.7793
2020-08-12,135.2100067,136.18565
2020-08-13,134.0899963,135.76321
2020-08-17,134.7599945,135.18324
2020-08-18,134.7899933,136.33856
2020-08-19,134.8899994,136.00247
2020-08-20,133.5599976,135.12793
2020-08-21,133.9199982,134.98145
2020-08-24,132.4299927,135.85649
2020-08-25,132.30000309999997,136.01277
2020-08-26,132.5200043,135.9671
2020-08-28,133.1699982,134.89308
2020-08-31,131.2299957,133.87119
2020-09-01,131.1300049,133.66136
2020-09-02,130.1799927,133.88736
2020-09-03,131.3399963,131.80167
2020-09-04,133.7700043,133.74612
2020-09-08,134.0299988,132.65193
2020-09-09,134.0299988,131.83174
2020-09-10,135.0,131.23935
2020-09-14,131.22000119999998,134.24646
2020-09-15,132.25,134.83002
2020-09-16,133.28999329999996,134.6088
2020-09-17,131.8500061,135.52074
2020-09-18,132.9700012,135.31291
2020-09-21,136.0099945,132.70636
2020-09-22,134.24999999999997,133.0886
2020-09-23,132.4400024,134.33623
2020-09-24,132.4299927,133.06802
2020-09-25,131.7299957,133.54417
2020-09-28,132.1000061,136.35033
2020-09-29,131.25999449999998,135.34206
2020-09-30,132.4299927,133.22624
2020-10-01,132.9499969,133.26854
2020-10-02,132.0800018,133.01434
2020-10-05,131.8000031,133.03485
2020-10-06,132.6499939,132.62206
2020-10-07,131.5299988,133.4768
2020-10-08,131.16999819999998,134.0952
2020-10-09,130.6399994,133.34848
2020-10-12,130.88000489999996,132.94926
2020-10-13,131.3099976,133.71118
2020-10-14,133.1399994,132.97131
2020-10-15,133.41999819999998,132.37485
2020-10-16,133.2799988,132.04181
2020-10-19,132.85000609999997,132.21379
2020-10-20,132.4600067,132.54321
2020-10-21,130.0700073,133.99805
2020-10-22,131.35000609999997,134.3695
2020-10-23,131.2899933,134.15155
2020-10-26,133.2400055,133.90141
2020-10-27,135.8699951,133.64581
2020-10-28,134.16000369999998,131.72029
2020-10-29,137.07000729999996,132.35081
2020-11-03,139.9400024,136.72745
2020-11-04,142.4799957,135.3049
2020-11-05,139.6900024,136.84943
2020-11-06,141.6199951,137.72089
2020-11-09,144.1100006,139.54181
2020-11-10,142.7400055,140.10376
2020-11-11,141.8300018,142.16797
2020-11-13,142.1300049,141.51007
2020-11-16,143.2599945,143.90564
2020-11-17,143.8399963,143.24606
2020-11-18,141.3099976,142.06837
2020-11-19,140.16000369999998,141.68199
2020-11-20,134.46000669999998,142.89806
2020-11-23,136.1399994,143.98898
2020-11-24,136.3399963,144.47694
2020-11-25,136.8500061,142.48708
2020-11-27,138.2799988,141.20934
2020-11-30,138.1499939,136.75346
2020-12-02,140.88000489999996,137.36757
2020-12-03,143.0700073,137.77989
2020-12-04,151.0,138.6963
2020-12-07,153.5800018,138.71385
2020-12-08,152.8500061,139.6014
2020-12-09,155.0899963,141.63249
2020-12-10,154.6399994,143.50357
2020-12-11,153.7700043,149.97794
2020-12-14,151.7700043,152.37337
2020-12-15,150.7700043,151.48357
2020-12-16,151.1600037,153.71747
2020-12-17,150.4700012,154.29419
2020-12-21,153.3399963,151.35306
2020-12-22,154.0899963,151.38889
2020-12-23,154.57000729999996,152.24655
2020-12-28,153.3999939,153.22943
2020-12-29,153.5299988,153.94444
2020-12-30,152.6699982,154.56705
2021-01-04,153.3899994,154.38213
2021-01-05,151.75,154.2115
2021-01-06,150.6499939,154.47054
2021-01-08,148.4100037,153.63101
2021-01-11,148.1300049,154.27454
2021-01-12,149.9799957,153.13289
2021-01-13,151.3399963,151.86526
2021-01-14,147.9499969,152.49869
2021-01-15,146.7200012,150.14302
2021-01-19,145.9799957,149.22792
2021-01-20,142.6399994,151.0226
2021-01-21,143.3000031,152.1314
2021-01-22,140.52000429999998,148.94481
2021-01-25,140.41000369999998,147.45976
2021-01-26,143.1199951,147.35301
2021-01-27,148.0700073,144.47801
2021-01-28,148.0200043,144.40996
2021-01-29,150.8600006,142.51137
2021-02-03,161.5599976,148.53731
2021-02-04,158.9400024,148.35281
2021-02-05,160.4900055,149.82275
2021-02-08,156.4799957,152.53159
2021-02-09,156.5299988,153.79427
2021-02-10,153.4499969,160.05766
2021-02-11,153.5500031,158.45645
2021-02-12,152.4400024,158.77234
2021-02-16,152.7299957,156.48619
2021-02-17,152.4499969,156.25006
2021-02-18,149.2599945,154.06963
2021-02-19,147.9299927,154.29562
2021-02-22,149.3399963,153.6748
2021-02-23,149.2100067,153.71191
2021-02-24,148.8300018,153.61127
2021-02-25,146.8500061,150.90059
2021-02-26,148.5200043,149.39165
2021-03-01,148.22999569999996,150.72992
2021-03-02,151.5399933,150.50682
2021-03-03,151.8800049,149.68668
2021-03-04,150.3600006,148.05165
2021-03-05,150.5299988,149.43776
2021-03-08,152.8999939,149.46756
2021-03-09,152.1000061,151.80608
2021-03-10,153.6399994,152.24895
2021-03-11,157.7100067,150.70993
2021-03-12,158.5800018,150.93713
2021-03-15,154.4799957,153.34344
2021-03-16,151.3399963,152.74872
2021-03-17,150.6699982,153.70087
2021-03-19,153.3699951,159.65623
2021-03-23,153.8699951,151.76091
2021-03-24,156.0599976,150.73686
2021-04-09,157.5700073,155.71774
2021-04-12,156.4100037,155.56847
2021-04-14,155.1399994,156.96495
2021-04-15,154.7799988,157.8756
2021-04-16,154.99000550000002,158.17798
2021-04-19,153.5399933,157.23257
2021-04-20,152.8099976,155.18138
2021-04-21,153.2599945,155.9856
2021-04-22,152.4299927,155.9309
2021-04-23,150.7700043,155.78282
2021-04-26,152.2299957,154.59703
2021-04-27,150.5899963,153.92012
2021-04-28,151.4199982,154.46198
2021-04-29,152.9600067,153.83824
2021-04-30,153.64999389999997,152.1541
2021-05-03,155.0599976,153.23845
2021-05-04,152.2400055,152.05562
2021-05-05,153.5200043,152.19733
2021-05-06,155.2299957,153.69429
2021-05-07,155.8500061,154.26903
2021-05-10,158.6799927,155.33344
2021-05-11,160.6600037,153.18869
2021-05-12,159.2899933,153.8714
2021-05-13,160.22000120000004,155.80373
2021-05-14,161.1600037,156.2131
2021-05-17,162.7799988,158.38371
2021-05-18,162.2400055,160.41945
2021-05-19,164.0200043,159.61685
2021-05-20,165.5500031,160.18991
2021-05-21,165.9799957,161.48122
2021-05-24,172.3399963,162.88599
2021-05-25,176.6300049,162.48755
2021-05-26,179.6699982,164.0289
2021-05-27,182.4100037,165.85829
2021-05-28,180.8000031,166.20183
2021-06-01,179.6100006,171.62036
2021-06-02,180.5399933,175.54836
2021-06-03,180.1799927,177.8049
2021-06-04,181.4700012,180.55984
2021-06-08,182.4499969,178.52393
2021-06-09,183.83999629999997,179.92334
2021-06-10,185.1999969,180.24052
2021-06-11,177.0299988,181.2123
2021-06-28,174.9299927,176.2744
2021-06-29,175.6499939,177.09738
2021-06-30,174.2299957,176.29443
2021-07-01,177.7899933,176.3441
2021-07-02,178.89999390000003,176.76443
2021-07-06,179.1799927,175.67413
2021-07-07,180.0,176.14662
2021-07-08,178.9299927,175.11234
2021-07-09,178.1300049,177.99904
2021-07-12,176.3000031,179.02975
2021-07-13,178.1199951,178.74371
2021-07-14,179.6799927,179.70241
2021-07-15,177.9900055,179.09158
2021-07-16,179.8500061,178.32324
2021-07-19,179.5,177.08557
2021-07-20,178.44000240000003,178.67102
2021-07-21,179.8699951,180.06197
2021-07-22,181.4199982,178.1489
2021-07-26,181.8800049,179.99022
2021-07-27,185.9499969,179.02295
2021-07-28,182.1799927,179.94414
2021-07-29,182.8600006,181.61032
2021-08-16,168.7400055,180.82129
2021-08-18,173.75,176.00125
2021-08-19,171.5899963,170.15591
2021-09-03,178.4600067,181.7244
2021-09-07,179.38999940000002,182.22624
2021-09-08,181.7100067,179.11638
2021-09-09,181.9400024,179.62112
2021-09-10,180.9499969,177.05965
2021-09-13,176.7100067,178.41153
2021-09-14,181.8999939,179.65509
2021-09-15,181.5899963,181.31209
2021-09-16,182.7899933,181.4775
2021-09-17,182.5700073,180.65028
2021-09-20,186.5200043,177.3711
2021-09-21,184.8500061,181.8514
2021-09-22,185.44999689999997,181.69913
2021-09-23,177.75,181.66121
2021-09-24,177.6199951,181.93831
2021-09-27,171.8099976,185.72557
2021-09-28,172.1399994,184.54515
2021-09-29,166.9700012,184.73212
2021-09-30,169.4700012,178.42288
2021-10-01,171.9700012,177.68549
2021-10-04,175.14999390000003,173.31102
2021-10-05,177.1300049,172.95682
2021-10-06,175.7700043,168.60912
2021-10-07,175.5099945,170.13548
2021-10-08,176.2700043,172.67906
2021-10-11,178.5500031,174.68484
2021-10-12,178.6699982,176.22964
2021-10-13,177.75,175.18715
2021-10-14,174.0200043,175.38046
2021-10-15,173.3999939,176.50786
2021-10-18,172.22999570000002,178.42607
2021-10-19,173.1999969,178.5281
2021-10-20,174.0899963,177.63681
2021-10-21,176.4799957,174.68246
2021-10-22,176.5700073,174.06506
2021-10-25,179.9799957,173.36482
2021-10-26,179.6100006,174.00879
2021-10-27,181.07000729999996,174.65195
2021-10-28,181.4799957,176.5145
2021-10-29,179.2799988,176.75896
2021-11-01,180.4799957,179.65987
2021-11-02,176.3200073,179.65755
2021-11-03,177.3600006,180.54552
2021-11-04,179.02999880000002,181.29643
2021-11-05,184.3999939,179.37967
2021-11-08,184.38999939999997,180.31244
2021-11-09,187.4299927,177.2193
2021-11-10,186.2100067,177.51402
2021-11-11,184.6499939,179.51105
2021-11-12,185.96000670000004,183.86339
2021-11-15,185.0899963,183.41295
2021-11-16,185.0599976,185.7844
2021-11-18,179.8300018,184.3818
2021-11-19,177.4700012,185.42465
2021-11-22,177.8500061,185.24548
2021-11-23,178.2899933,184.92616
2021-11-26,182.4600067,180.498
2021-12-01,182.4799957,177.76425
2021-12-02,180.7700043,182.89398
2021-12-03,182.3500061,182.31964
2021-12-06,176.1199951,183.54239
2021-12-07,180.7799988,186.92754
2021-12-08,186.75,182.39035
2021-12-09,187.3399963,180.10529
2021-12-10,184.0399933,182.68933
2021-12-13,181.9499969,176.96495
2021-12-15,181.36000060000003,186.4751
2021-12-16,183.7799988,186.54948
2021-12-17,185.8999939,182.00111
2021-12-20,184.75000000000003,181.1754
2021-12-21,183.6799927,183.09753
2021-12-22,184.0800018,181.52711
2021-12-23,185.30000310000003,183.54472
2021-12-27,186.2899933,185.79022
2021-12-28,199.1900024,184.40974
2021-12-29,196.9499969,183.49821
2021-12-30,199.75,184.41104
2021-12-31,200.4400024,185.57494
2022-01-03,200.3500061,186.22974
2022-01-04,201.8999939,197.79953
2022-01-05,206.6100006,194.6597
2022-01-06,211.3699951,195.65994
2022-01-07,210.6900024,198.52884
2022-01-10,207.4700012,198.29214
2022-01-11,202.4199982,199.4974
2022-01-12,201.4700012,205.37656
2022-01-13,199.77000429999998,209.69626
2022-01-14,197.6999969,208.30315
2022-01-18,197.0099945,205.59084
2022-01-21,193.1300049,197.00262
2022-01-24,198.4499969,197.88403
2022-01-25,196.4299927,198.3065
2022-01-26,199.6600037,194.92488
2022-01-28,196.8800049,192.3543
2022-01-31,197.2400055,198.25577
2022-02-01,200.3200073,195.7328
2022-02-02,201.3699951,197.69691
2022-02-03,194.41000369999998,198.76181
2022-02-04,192.7100067,196.10394
2022-02-07,188.9700012,196.49416
2022-02-08,189.3999939,200.12592
2022-02-09,190.30000309999997,200.60692
2022-02-10,186.5399933,193.68431
2022-02-11,188.9700012,192.42041
2022-02-14,185.63999939999997,190.19049
2022-02-16,182.2299957,190.25778
2022-02-17,185.3800049,186.90805
2022-02-18,182.94999689999997,189.1376
2022-02-22,181.7100067,186.49863
2022-02-23,179.1499939,184.09128
2022-02-24,176.0899963,183.10167
2022-02-25,170.75,185.87956
2022-02-28,160.1699982,183.34163
2022-03-01,156.3399963,181.61626
2022-03-02,164.0500031,180.04802
2022-03-03,164.42999269999999,177.26855
2022-03-04,158.2700043,172.33447
2022-03-07,161.0899963,163.06555
2022-03-08,165.9299927,159.09972
2022-03-10,171.7400055,167.98763
2022-03-14,171.8000031,159.79506
2022-03-15,172.8200073,164.31328
2022-03-16,175.7799988,170.97484
2022-03-17,180.2700043,170.18446
2022-04-11,171.4499969,168.18542
2022-04-12,175.44999690000003,167.92598
2022-04-13,173.6699982,169.7647
2022-04-14,169.5299988,168.28464
2022-04-18,172.1600037,170.21092
2022-04-19,166.8200073,171.5924
2022-04-20,168.0399933,174.73413
2022-04-21,172.9700012,173.54068
2022-04-22,171.0,169.48535
2022-04-25,170.6900024,171.99452
2022-04-26,172.0599976,167.93977
2022-04-27,174.8500061,167.74258
2022-04-28,169.9299927,172.95375
2022-04-29,173.3000031,170.83473
2022-05-02,168.4700012,169.70947
2022-05-03,166.4499969,171.91595
2022-05-05,158.5399933,171.43546
2022-05-06,161.3300018,172.97546
2022-05-09,159.2100067,169.09064
2022-05-10,159.9799957,166.4717
2022-05-11,155.4799957,158.88586
2022-05-12,155.8899994,159.61115
2022-05-13,158.6600037,162.45857
2022-05-16,161.3500061,159.68692
2022-05-17,160.6000061,159.58606
2022-05-18,161.0299988,156.49065
2022-05-19,165.5299988,156.72112
2022-05-23,166.3699951,162.55255
2022-05-24,168.6999969,160.86952
2022-05-25,170.2400055,160.41254
2022-05-26,164.8099976,165.3441
2022-05-27,165.5800018,166.82838
2022-05-31,166.25,165.75441
2022-06-02,164.5099945,170.23058
2022-06-03,161.30000309999997,165.62231
2022-06-06,155.5,165.20511
2022-06-07,155.1600037,166.84767
2022-06-23,154.1699982,155.76852
2022-06-24,155.4700012,157.74223
2022-06-27,154.6699982,157.9401
2022-06-29,157.1499939,156.21143
2022-06-30,156.7599945,155.05048
2022-07-01,155.1699982,156.31894
2022-07-05,155.4299927,155.83435
2022-07-06,155.4400024,153.98909
2022-07-07,153.1399994,157.52557
2022-07-08,156.6999969,157.44725
2022-07-11,156.75,155.35123
2022-07-12,160.4199982,155.69823
2022-07-13,157.8999939,156.1738
2022-07-14,159.1799927,154.08975
2022-07-15,160.3000031,157.02036
2022-07-18,159.4199982,157.46167
2022-07-19,158.0599976,159.94962
2022-07-20,160.05000310000003,158.12973
2022-07-21,159.5099945,158.7955
2022-07-22,162.5899963,160.48515
2022-07-25,166.7700043,159.77913
2022-07-26,163.6600037,158.35394
2022-07-29,157.3099976,162.95479
2022-08-01,156.1999969,166.7406
2022-08-02,152.9400024,163.53079
2022-08-03,157.88999939999997,162.53677
2022-08-04,158.6000061,157.91411
2022-08-05,161.3099976,157.77179
2022-08-08,160.4600067,157.33281
2022-08-09,159.4199982,154.24507
2022-08-10,160.77000430000004,158.04607
2022-08-11,159.1300049,158.99828
2022-08-12,156.4600067,160.7151
2022-08-15,154.3200073,160.32059
2022-08-16,153.4799957,159.36041
2022-08-17,154.50000000000003,160.88054
2022-08-18,156.0,159.98993
2022-08-19,151.7700043,157.28735
2022-08-22,151.7700043,155.5812
2022-08-23,150.1699982,155.01682
2022-08-24,149.3699951,155.76501
2022-08-25,146.8000031,156.8955
2022-08-26,145.5599976,153.08516
2022-08-29,143.9400024,152.44878
2022-08-30,143.3399963,151.72623
2022-08-31,144.1300049,150.65065
2022-09-01,145.5899963,148.31473
2022-09-02,145.0399933,147.14307
2022-09-06,140.2299957,145.9768
2022-09-07,141.47000119999998,145.26773
2022-09-08,140.4499969,145.70096
2022-09-09,140.7400055,146.71356
2022-09-12,141.44999689999997,146.10858
2022-09-13,140.72999569999996,141.9272
2022-09-14,137.5800018,142.28494
2022-09-15,139.0500031,141.98096
2022-09-16,137.2799988,141.62987
2022-09-19,135.61999509999998,142.1423
2022-09-20,135.7400055,141.64938
2022-09-21,136.8899994,139.23029
2022-09-22,133.75999449999998,140.0655
2022-09-23,130.2899933,138.97144
2022-09-26,135.5899963,136.99367
2022-09-27,139.8500061,136.9259
2022-09-28,138.0899963,138.02669
2022-09-29,136.16999819999998,135.51057
2022-09-30,135.8500061,132.05267
2022-10-03,134.86000059999998,136.05156
2022-10-04,135.0599976,139.98608
2022-10-05,135.0,137.91821
2022-10-06,136.3800049,135.78702
2022-10-07,134.1100006,136.13731
2022-10-10,136.1600037,135.7829
2022-10-11,134.2599945,135.836
2022-10-12,132.9700012,136.20476
2022-10-13,133.2400055,137.3178
2022-10-14,133.75999449999998,135.62126
2022-10-17,134.74000549999997,136.7469
2022-10-18,137.07000729999996,135.70926
2022-10-19,137.92999269999999,134.08904
2022-10-20,136.47000119999998,134.21657
2022-10-21,139.52000429999998,134.86322
2022-10-24,138.8099976,135.585
2022-10-25,135.16000369999998,137.52357
2022-10-26,135.38999939999997,138.49286
2022-10-27,135.25,137.41376
2022-10-28,137.3500061,139.60925
2022-11-01,137.5,136.64384
2022-11-03,140.52000429999998,135.76704
2022-11-07,142.1199951,138.16037
2022-11-08,143.75,138.41806
2022-11-09,142.1199951,136.03531
2022-11-10,142.9299927,140.33499
2022-11-11,143.1900024,143.22057
2022-11-14,142.1600037,141.754
2022-11-15,145.33000180000002,142.83688
2022-11-16,146.7100067,142.38838
2022-11-17,148.2700043,142.92592
2022-11-18,146.5099945,143.76128
2022-11-21,145.3999939,143.10217
2022-11-22,147.6900024,145.51134
2022-11-23,147.6600037,147.06541
2022-11-25,146.5299988,148.28627
2022-11-28,143.1900024,147.03462
2022-11-30,141.8600006,147.45953
2022-12-01,142.2799988,148.20894
2022-12-02,143.3399963,147.22884
,144.1199951,144.42279
2022-12-06,144.5,142.50931
2022-12-08,141.66000369999998,143.4807
2022-12-09,140.4299927,144.29413
2022-12-12,139.6100006,144.76326
2022-12-13,138.8300018,145.24174
2022-12-14,137.4600067,145.718
2022-12-15,136.99999999999997,143.30414
2022-12-16,137.1399994,141.61938
2022-12-19,136.1600037,141.07707
2022-12-20,134.1300049,140.4115
2022-12-21,137.4100037,139.11797
2022-12-22,136.58000179999996,138.61203
2022-12-23,138.2799988,138.839
2022-12-27,137.1900024,137.95859
2022-12-28,135.52000429999998,136.00854
2022-12-29,138.97000119999998,138.29205
2022-12-30,139.9400024,137.8626
2023-01-03,139.13999939999997,138.53082
2023-01-04,138.85000609999997,137.96431
2023-01-05,142.3600006,136.4604
2023-01-06,140.3000031,139.15302
2023-01-09,144.7700043,140.55205
2023-01-10,145.5099945,139.56047
2023-01-11,144.1799927,139.21815
2023-01-12,146.1100006,142.40712
2023-01-13,146.0299988,141.2556
2023-01-17,146.0099945,144.17242
2023-01-18,146.14999390000003,145.52917
2023-01-19,145.4700012,144.19168
2023-01-23,145.1799927,146.27542
2023-01-24,147.1100006,146.57816
2023-01-25,148.5800018,146.7361
2023-01-26,146.6199951,146.36078
2023-01-27,144.7100067,147.78694
2023-01-30,143.7899933,146.4697
2023-01-31,144.6399994,147.5607
2023-02-01,143.8300018,149.1596
2023-02-02,144.8300018,147.45316
2023-02-03,143.4199982,145.47176
2023-02-06,143.8600006,144.93733
2023-02-07,142.6499939,145.74774
2023-02-08,140.9700012,145.09152
2023-02-09,142.6999969,145.66397
2023-02-10,142.8500061,144.73912
2023-02-13,139.17999269999999,144.84364
2023-02-14,138.64999389999997,144.07285
2023-02-15,138.94999689999997,142.47658
2023-02-16,136.05000309999997,143.65414
2023-02-17,136.25,144.01369
2023-02-21,135.91999819999998,140.69635
2023-02-22,136.5299988,139.67651
2023-02-23,137.2700043,140.2961
2023-02-24,139.8300018,137.86139
2023-02-27,140.1300049,137.3582
2023-02-28,139.08000179999996,137.3898
2023-03-01,139.7100067,137.78871
2023-03-02,138.5200043,138.27486
2023-03-03,137.9700012,140.30296
2023-03-06,137.1199951,140.89824
2023-03-07,136.6699982,139.88152
2023-03-08,133.5800018,140.3195
2023-03-09,135.8999939,139.69788
2023-03-10,133.4799957,138.95451
2023-03-13,135.1300049,138.45769
2023-03-14,135.7799988,138.11627
2023-03-15,135.5700073,135.58966
2023-03-16,135.8699951,136.87901
2023-03-17,136.6499939,135.26588
2023-03-21,137.92999269999999,136.5935
2023-03-22,139.66999819999998,136.4449
2023-03-23,139.6199951,136.54375
2023-04-11,137.03999329999996,139.27992
2023-04-12,135.25999449999998,138.55829
2023-04-13,133.80000309999997,138.4974
2023-04-14,134.66999819999998,137.53082
2023-04-17,134.83999629999997,138.71704
2023-04-18,133.5099945,138.35378
2023-04-19,134.0200043,136.55583
2023-04-20,137.5200043,135.17537
2023-04-21,137.3300018,135.88414
2023-04-24,136.6900024,136.11876
2023-04-25,135.16000369999998,134.89456
2023-04-26,135.5700073,135.05672
2023-04-27,134.9100037,138.09927
2023-04-28,137.5399933,138.1463
2023-05-01,137.8099976,137.1428
2023-05-02,140.8500061,136.03848
2023-05-03,143.58999630000002,136.4155
2023-05-04,142.6699982,136.05003
2023-05-05,143.2700043,138.17525
2023-05-08,142.3999939,138.61798
2023-05-09,141.1300049,140.77498
2023-05-10,142.02000429999998,143.49092
2023-05-11,142.5099945,142.98051
2023-05-12,142.2200012,143.224
2023-05-15,141.1900024,143.02739
2023-05-16,139.5500031,141.92955
2023-05-17,139.3300018,142.64607
2023-05-18,139.6000061,143.49675
2023-05-19,140.0800018,143.22414
2023-05-22,137.7299957,142.3043
2023-05-23,136.1300049,141.00777
2023-05-24,140.6499939,140.743
2023-05-25,146.0,141.03232
2023-05-26,145.72999570000002,141.33684
2023-05-30,148.4799957,139.31297
2023-05-31,145.3099976,137.58475
2023-06-01,146.8600006,141.25365
2023-06-02,148.6399994,145.86635
2023-06-06,158.0800018,147.85532
2023-06-07,165.5700073,145.43126
2023-06-08,168.17999269999999,146.32104
2023-06-09,164.3500061,148.5979
2023-06-12,157.1499939,149.63965
2023-06-13,156.5,156.5978
2023-06-14,157.1100006,163.37718
2023-06-15,153.38000490000002,165.64569
2023-06-16,154.5500031,162.5048
2023-06-20,157.1799927,156.48123
2023-06-21,160.1100006,156.23042
2023-06-22,160.3999939,157.57597
2023-06-23,160.74999999999997,154.29947
2023-06-26,160.4700012,154.83179
2023-06-28,160.8300018,160.93068
2023-06-29,161.7700043,160.7842
2023-06-30,160.2400055,160.34201
2023-07-03,158.4199982,160.87292
2023-07-05,159.2700043,162.2338
2023-07-06,160.35000610000003,161.43648
2023-07-07,159.1499939,162.12177
2023-07-10,159.4499969,161.14311
2023-07-11,163.1900024,159.35205
2023-07-12,163.97000119999998,160.10037
2023-07-13,163.2799988,161.29793
2023-07-14,162.8099976,160.00276
2023-07-17,164.5299988,160.01222
2023-07-18,165.5599976,163.53813
2023-07-19,165.6999969,164.28409
2023-07-20,165.4299927,163.17531
2023-07-21,167.1499939,162.98141
2023-07-24,168.2400055,164.83374
2023-07-25,171.8399963,165.82367
2023-07-26,173.8500061,165.93068
2023-07-27,168.5700073,165.81543
2023-07-28,170.7899933,167.4865
2023-07-31,173.3899994,168.66353
2023-08-01,170.2899933,171.6607
2023-08-02,167.2299957,173.46268
2023-08-03,167.6600037,168.69089
2023-08-04,167.2799988,170.1349
2023-08-07,166.6999969,173.47766
2023-08-08,165.3899994,170.1849
2023-08-09,162.2400055,166.93893
2023-08-10,162.2799988,168.16148
2023-08-11,161.86999509999998,168.27452
2023-08-14,162.7899933,167.25546
2023-08-15,164.9900055,166.27202
2023-08-16,165.9100037,163.73012
2023-08-17,162.7799988,163.541
2023-08-18,164.46000669999998,163.40298
2023-08-21,167.25,163.80275
2023-08-22,167.3899994,165.46585
2023-08-23,168.0500031,166.16666
2023-08-24,172.1300049,163.53534
2023-08-25,172.5399933,164.68335
2023-08-28,175.3699951,167.61462
2023-08-29,178.8300018,167.40054
2023-08-30,178.8699951,167.5917
2023-08-31,177.1300049,171.60912
2023-09-01,178.6699982,172.47533
2023-09-05,181.2799988,174.47444
2023-09-06,183.9799957,178.02617
2023-09-07,187.9799957,178.23387
2023-09-08,189.1999969,176.46762
2023-09-11,188.9600067,178.28474
2023-09-12,195.0399933,181.11507
2023-09-13,188.75,183.20238
2023-09-15,187.1000061,189.35324
2023-09-18,184.8399963,188.60983
2023-09-19,180.5,193.47188
2023-09-20,182.3899994,188.25792
2023-09-21,182.4199982,184.87267
2023-09-22,179.75000000000003,187.08328
2023-09-25,178.4600067,185.05954
2023-09-26,173.6499939,180.32527
2023-09-27,169.4499969,182.91469
2023-09-28,173.0399933,183.48253
2023-09-29,173.1799927,180.06303
2023-10-02,174.1199951,178.90207
2023-10-03,177.1499939,175.20543
2023-10-04,178.0299988,171.01811
2023-10-05,181.6000061,174.28136
2023-10-06,177.6799927,174.19931
2023-10-09,179.1000061,173.75851
2023-10-10,178.2200012,176.6162
2023-10-11,175.97999569999996,177.81717
2023-10-12,174.6999969,180.95963
2023-10-13,173.47999570000002,177.76682
2023-10-16,173.8099976,178.34128
2023-10-17,174.1199951,178.40645
2023-10-18,175.1799927,176.09554
2023-10-19,171.6100006,174.93349
2023-10-20,172.8099976,174.44922
2023-10-23,171.3999939,174.77905
2023-10-24,175.1799927,175.04514
2023-10-25,185.7799988,175.76035
2023-10-26,186.55000310000003,172.60945
2023-10-27,189.5899963,173.20575
2023-10-30,189.6499939,172.49078
2023-10-31,189.5700073,175.2342
2023-11-01,183.4199982,184.55031
2023-11-02,184.22000120000004,184.30278
2023-11-03,187.0,186.22382
2023-11-06,187.74000549999997,187.8268
2023-11-07,192.0800018,187.97917
2023-11-08,189.1100006,182.503
2023-11-09,190.3999939,183.80438
2023-11-10,193.3600006,187.2121
2023-11-13,187.6799927,187.08418
2023-11-14,183.2100067,190.55812
2023-11-15,184.2299957,188.36316
2023-11-16,188.3000031,189.46341
2023-11-17,186.6100006,193.0072
2023-11-20,187.1600037,187.42859
2023-11-21,189.5099945,182.63971
2023-11-22,189.7799988,184.89023
2023-11-24,192.74000549999997,188.60033
2023-11-27,187.3699951,185.8403
2023-11-28,187.9900055,186.0299
2023-11-29,189.8899994,189.33144
2023-11-30,190.24000549999997,189.62556
2023-12-01,187.2799988,191.8035
2023-12-04,187.0800018,187.35353
2023-12-05,184.8000031,187.35706
2023-12-06,185.4799957,189.98335
2023-12-07,183.4199982,189.84172
2023-12-08,180.6199951,186.6846
2023-12-11,183.2799988,186.97224
2023-12-12,183.9499969,185.73903
2023-12-13,179.9400024,185.90483
2023-12-14,180.8600006,184.19771
2023-12-15,178.5299988,181.48187
2023-12-18,179.8500061,183.91896
2023-12-20,181.1100006,181.18954
2023-12-21,183.3800049,180.89087
2023-12-22,181.3699951,179.36478
2023-12-26,181.5500031,180.13033
2024-01-11,200.6699982,198.83661
2024-01-16,201.3999939,195.6248
2024-01-17,200.7200012,191.74301
2024-01-18,199.5599976,198.97525
2024-01-19,198.0599976,200.05492
2024-01-22,201.6600037,199.37144
2024-01-23,201.8500061,200.15268
2024-01-24,199.6999969,200.00436
2024-01-25,202.1799927,199.03279
2024-01-26,202.53999330000002,198.28857
2024-01-29,203.02999880000002,201.69186
2024-01-30,218.8600006,201.48497
2024-01-31,223.05000309999997,198.8516
2024-02-01,226.3099976,201.68071
2024-02-02,224.4600067,202.37454
2024-02-05,225.8600006,202.14029
2024-02-06,231.0,217.102
2024-02-07,227.0299988,219.21992
2024-02-08,228.5399933,220.14397
2024-02-09,227.3600006,220.42418
2024-02-12,226.7700043,222.54922
2024-02-13,227.0899963,227.67126
2024-02-14,234.4499969,224.49113
2024-02-15,235.0,225.74313
2024-02-16,238.1300049,225.99171
2024-02-20,238.0399933,225.0832
2024-02-21,237.2899933,225.74335
2024-02-22,240.5500031,233.18481
2024-02-23,246.0399933,232.61755
2024-02-26,243.8399963,234.67126
2024-02-27,248.1900024,235.76562
2024-02-28,252.3999939,234.95328
2024-02-29,247.9400024,238.32233
2024-03-01,242.82000729999996,244.02551
2024-03-04,235.4600067,240.67172
2024-03-05,237.9499969,244.85397
2024-03-06,232.8300018,250.00055
2024-03-07,230.9700012,244.40144
2024-03-08,234.6199951,239.65483
2024-03-11,238.6600037,234.76433
2024-03-12,244.3200073,237.40918
2024-03-13,246.7200012,232.04602
2024-03-14,251.4799957,229.7746
2024-03-15,254.7700043,234.45561
2024-03-18,252.41000369999998,237.20807
2024-03-19,253.7200012,241.34935
2024-03-20,252.1499939,243.4164
2024-03-22,242.1499939,253.43758
2024-03-25,239.88999939999997,249.3825
2024-03-26,241.7799988,249.79242
2024-03-27,239.1600037,250.14314
2024-04-12,228.7200012,237.9555
2024-04-15,230.3000031,239.5617
2024-04-16,230.4100037,236.79471
2024-04-17,232.8800049,233.06647
2024-04-18,225.3600006,231.7287
2024-04-19,226.7100067,229.13574
2024-04-22,227.9400024,230.3752
2024-04-23,227.3099976,230.16931
2024-04-24,226.8300018,231.83679
2024-04-25,230.8000031,224.44174
2024-04-26,232.8699951,225.67441
2024-04-29,235.6000061,227.89285
2024-04-30,231.2599945,225.76987
2024-05-01,231.7799988,225.07425
2024-05-02,227.2400055,229.6704
2024-05-03,218.7799988,231.55421
2024-05-06,215.6399994,233.29822
2024-05-07,217.1199951,229.31119
2024-05-09,215.6300049,225.74907
2024-05-10,219.7599945,218.48642
2024-05-14,219.3600006,215.64139
2024-05-15,216.6300049,219.32976
2024-05-16,214.7200012,214.88618
2024-05-17,216.8399963,218.34688
2024-06-04,205.3099976,208.06857
2024-06-05,205.6499939,207.42152
2024-06-06,199.3500061,210.77881
2024-06-07,197.1300049,206.14743
2024-06-10,195.1999969,207.34363
2024-06-11,194.1399994,205.81207
2024-06-12,194.5399933,205.35048
2024-06-13,193.5800018,199.74286
2024-06-14,198.9799957,197.57602
2024-06-17,206.2200012,196.41995
2024-06-18,203.1799927,195.09714
2024-06-20,203.8800049,195.05121
2024-06-21,204.9700012,194.11848
2024-06-24,203.7100067,199.00432
2024-06-25,206.2100067,205.1934
2024-06-26,206.25,201.03218
2024-06-27,206.4499969,201.45647
2024-06-28,204.94000240000003,204.0713
2024-07-01,201.6699982,202.51076
2024-07-02,205.8800049,204.56358
2024-07-03,203.72999569999996,205.611
2024-07-05,207.5899963,205.6362
2024-07-08,206.9100037,204.42924
2024-07-10,204.3899994,204.37029
2024-07-11,199.8500061,203.2678
2024-07-12,197.1499939,206.54362
2024-07-15,200.1399994,206.00032
2024-07-16,200.7899933,205.20709
2024-07-17,197.1999969,203.8643
2024-07-18,195.25,199.947
2024-07-19,192.5200043,197.56314
2024-07-22,192.4799957,200.90143
2024-07-23,193.1100006,200.83649
2024-07-24,193.5500031,196.5419
2024-07-25,179.0700073,195.18922
2024-07-26,173.0200043,193.54857
2024-07-29,168.3500061,193.13243
2024-07-31,167.1799927,194.23375
2024-08-01,169.3699951,180.21074
2024-08-02,168.5899963,173.7633
2024-08-05,167.9700012,171.44788
2024-08-06,172.3899994,171.50876
2024-08-07,177.0099945,168.23553
2024-08-08,181.7899933,169.54623
2024-08-09,182.6699982,169.61263
2024-08-12,183.6999969,168.72984
2024-08-13,181.33999629999997,172.6692
2024-08-14,183.6199951,176.72679
2024-08-16,185.0899963,182.96164
2024-08-19,180.5700073,182.65527
2024-08-20,185.75,180.37605
2024-08-22,187.7700043,181.48831
2024-08-23,189.8000031,184.85674
2024-08-26,186.1499939,180.55685
2024-08-27,184.71000670000004,184.56802
2024-09-12,183.4700012,172.61906
2024-09-13,184.0700073,174.45465
2024-09-17,183.5299988,175.26326
2024-09-18,184.1600037,177.03758
2024-09-19,189.3600006,182.74103
2024-09-20,182.8200073,182.7154
2024-10-08,169.5500031,172.40369
2024-10-09,171.5,173.90268
2024-10-10,171.1999969,175.73534
2024-10-11,171.5299988,174.63544
2024-10-28,172.6999969,175.7541
2024-10-29,174.72999570000002,175.49979
2024-10-30,175.14999390000003,174.80215
2024-10-31,178.4499969,173.2338
2024-11-01,172.0299988,173.13356
2024-11-04,174.1000061,173.16493
2024-11-05,174.9900055,175.16963
2024-11-06,172.3500061,175.46191
,173.47999570000002,178.07526
2024-11-08,172.8399963,172.6854
2024-11-11,174.7799988,173.58472
2024-11-12,175.3899994,175.39493
2024-11-13,172.9100037,172.40999
2024-11-14,173.3800049,172.94136
2024-11-15,174.3999939,173.24101
2024-11-18,175.8300018,174.9728
2024-11-19,172.5200043,175.60378
2024-11-20,169.7200012,173.23933
2024-11-21,170.6300049,173.68092
2024-11-22,175.8099976,175.02757
,176.0,176.04115
2024-11-26,174.7799988,172.96373
2024-11-27,174.3999939,170.25371
2024-11-29,175.9499969,171.51979
2024-12-02,177.0099945,176.10214
2024-12-03,175.7100067,175.54805
2024-12-04,178.1499939,173.8318
2024-12-05,176.8999939,174.25201
2024-12-06,175.8600006,176.15468
2024-12-09,174.25,176.94258
2024-12-10,173.2799988,175.89188
2024-12-11,173.6199951,178.05455
2024-12-12,174.2100067,177.32181
2024-12-13,178.1699982,175.96501
2024-12-16,180.44999690000003,174.88644
2024-12-17,181.4299927,174.15378
2024-12-18,197.3600006,174.40341
2024-12-19,199.5200043,175.06332
