Date,Actual,Predicted
2015-11-18,134.7400055,132.94377
2015-11-19,132.9700012,132.33948
2015-11-20,133.2400055,132.71936
2015-11-23,133.7599945,134.36684
2015-11-24,134.7400055,132.51863
2015-11-25,137.0700073,132.90364
2015-11-27,133.2400055,132.10149
2015-11-30,133.7599945,132.48438
2015-12-01,134.7400055,134.12521
2015-12-03,137.0700073,132.28226
2015-12-04,137.9299927,132.67436
2015-12-07,133.7599945,131.77034
2015-12-08,134.7400055,132.15083
2015-12-10,137.0700073,133.78333
2015-12-11,137.9299927,131.95412
2015-12-14,136.4700012,132.35023
2015-12-15,134.7400055,131.51567
2015-12-17,137.0700073,131.89362
2015-12-18,137.9299927,133.52036
2015-12-21,136.4700012,131.70012
2015-12-22,139.5200043,132.09935
2015-12-23,137.0700073,131.45105
2015-12-24,137.9299927,131.83035
2015-12-28,136.4700012,133.45174
2015-12-29,139.5200043,131.63243
2015-12-30,135.1600037,132.0337
2015-12-31,137.9299927,131.74759
2016-01-04,136.4700012,132.13474
2016-01-05,139.5200043,133.77028
2016-01-06,135.1600037,131.91814
2016-01-07,135.25,132.32816
2016-01-08,136.4700012,132.36569
2016-01-12,139.5200043,132.76323
2016-01-13,135.1600037,134.42766
2016-01-14,135.25,132.5187
2016-01-15,137.2599945,132.94153
2016-02-02,139.5200043,132.92506
2016-02-03,135.1600037,133.33035
2016-02-04,135.25,135.01831
,137.2599945,133.06522
2016-02-08,137.5,133.49614
2016-02-09,135.1600037,133.5469
2016-02-10,135.25,133.96112
2016-02-11,137.2599945,135.67543
2016-02-12,137.5,133.67546
2016-02-16,134.5299988,134.11382
2016-02-17,135.25,133.83609
2016-02-18,137.2599945,134.2529
2016-02-19,137.5,135.97713
2016-02-22,134.5299988,133.96053
2016-02-24,140.5200043,134.40102
2016-02-25,137.2599945,133.7085
2016-02-26,137.5,134.11905
2016-02-29,134.5299988,135.8444
2016-03-01,140.5200043,133.84001
2016-03-02,143.2599945,134.27754
2016-03-03,137.5,133.58835
2016-03-04,134.5299988,133.99153
2016-03-07,140.5200043,135.71701
2016-03-08,143.2599945,133.72382
2016-03-09,142.1199951,134.15926
2016-03-10,134.5299988,133.62347
2016-03-11,140.5200043,134.022
2016-03-14,143.2599945,135.75
2016-03-15,142.1199951,133.75763
2016-03-16,143.75,134.19258
2016-03-18,140.5200043,133.46906
2016-03-21,143.2599945,133.86046
2016-03-22,142.1199951,135.57816
2016-03-23,143.75,133.607
2016-03-28,142.1199951,134.03645
2016-03-29,143.2599945,133.66838
2016-03-30,142.1199951,134.05989
2016-03-31,143.75,135.79042
2016-04-01,142.1199951,133.80244
2016-04-04,142.9299927,134.23483
2016-04-05,142.1199951,134.56459
2016-04-06,143.75,134.96555
2016-04-07,142.1199951,136.73915
2016-04-08,142.9299927,134.6755
2016-04-11,143.1900024,135.12323
2016-04-12,143.75,135.6527
2016-04-13,142.1199951,136.06259
2016-04-14,142.9299927,137.8872
2016-04-15,143.1900024,135.7393
2016-04-18,142.1600037,136.201
2016-04-19,142.1199951,136.70947
2016-04-20,142.9299927,137.126
2016-04-21,143.1900024,139.00223
2016-04-22,142.1600037,136.77696
2016-04-25,145.3300018,137.2488
2016-04-26,142.9299927,137.45305
2016-04-27,143.1900024,137.87495
2016-04-28,142.1600037,139.76387
2016-05-02,145.3300018,137.51253
2016-05-03,146.7100067,137.97966
2016-05-04,143.1900024,137.90009
2016-05-05,142.1600037,138.33144
2016-05-06,145.3300018,140.21237
2016-05-09,146.7100067,137.96074
2016-05-10,148.2700043,138.41927
2016-05-11,142.1600037,138.20625
2016-05-12,145.3300018,138.6484
2016-05-13,146.7100067,140.5143
2016-05-16,148.2700043,138.26805
2016-05-17,146.5099945,138.72214
2016-05-18,145.3300018,138.3458
2016-05-19,146.7100067,138.79659
2016-05-20,148.2700043,140.644
2016-05-23,146.5099945,138.40936
2016-05-24,147.6900024,138.8628
2016-05-25,146.7100067,138.64102
2016-05-26,148.2700043,139.10118
2016-05-27,146.5099945,140.94609
2016-05-31,147.6900024,138.6995
2016-06-01,147.6600037,139.16069
2016-06-02,148.2700043,139.26624
2016-06-03,146.5099945,139.7365
2016-06-06,147.6900024,141.59688
2016-06-07,147.6600037,139.30788
2016-06-08,146.5299988,139.78429
2016-06-09,146.5099945,140.16768
2016-06-10,147.6900024,140.64725
,147.6600037,142.54048
2016-06-14,146.5299988,140.18596
2016-06-15,143.1900024,140.6806
2016-06-16,147.6900024,140.96439
2016-06-17,147.6600037,141.44765
2016-06-20,146.5299988,143.36877
2016-06-21,143.1900024,140.96315
2016-06-22,141.0899963,141.47025
2016-06-23,147.6600037,141.60303
,146.5299988,142.08824
2016-06-27,143.1900024,144.0218
2016-06-28,141.0899963,141.58904
2016-06-30,142.2799988,142.09976
2016-07-01,146.5299988,142.11394
2016-07-05,143.1900024,142.6034
2016-07-06,141.0899963,144.5377
2016-07-21,142.2799988,142.09048
2016-07-22,143.3399963,142.60191
2016-07-25,143.1900024,142.39214
2016-07-26,141.0899963,142.88367
2016-07-27,142.2799988,144.81125
2016-07-28,143.3399963,142.36406
2016-07-29,144.1199951,142.87524
2016-08-01,141.0899963,142.178
2016-08-02,142.2799988,142.66069
2016-08-03,143.3399963,144.57793
2016-08-04,144.1199951,142.15471
2016-08-05,144.5,142.66582
2016-08-08,142.2799988,141.46466
2016-08-09,143.3399963,141.92221
2016-08-11,144.1199951,143.82954
2016-08-12,144.5,141.4548
2016-08-15,144.64999389999997,141.96455
2016-08-16,143.3399963,140.67169
2016-08-17,144.1199951,141.09605
2016-08-18,144.5,142.99356
2016-08-22,144.64999389999997,140.67392
2016-08-23,141.6600037,141.17885
2016-08-24,144.1199951,140.13098
2016-08-25,144.5,140.52768
2016-08-29,144.64999389999997,142.41301
2016-08-30,141.6600037,140.13882
2016-08-31,140.4299927,140.63512
2016-09-01,144.5,139.92198
2016-09-02,144.64999389999997,140.30428
2016-09-06,141.6600037,142.17505
2016-09-07,140.4299927,139.93063
2016-09-08,139.6100006,140.41612
2016-09-09,144.64999389999997,139.98346
2016-09-12,141.6600037,140.36432
2016-09-13,140.4299927,142.22829
2016-09-14,139.6100006,139.98988
2016-09-15,138.8300018,140.4685
2016-09-19,141.6600037,140.20253
2016-09-20,140.4299927,140.58989
2016-09-21,139.6100006,142.44914
2016-09-22,138.8300018,140.20532
2016-09-23,137.4600067,140.6795
2016-09-26,140.4299927,140.18703
2016-09-27,139.6100006,140.57991
2016-09-28,138.8300018,142.43027
2016-09-29,137.4600067,140.19258
2016-09-30,137.0,140.66296
2016-10-03,139.6100006,139.80524
2016-10-04,138.8300018,140.19542
2016-10-05,137.4600067,142.037
2016-10-06,137.0,139.82167
2016-10-07,137.1399994,140.28905
2016-10-10,138.8300018,139.18062
2016-10-11,137.4600067,139.55928
2016-10-12,137.0,141.39229
2016-10-13,137.1399994,139.21082
2016-10-14,136.1600037,139.67514
2016-10-17,137.4600067,138.43365
2016-10-18,137.0,138.79483
2016-10-19,137.1399994,140.61646
2016-10-20,136.1600037,138.47858
2016-10-21,134.1300049,138.93707
2016-10-24,137.0,137.58925
2016-10-25,137.1399994,137.93127
2016-10-26,136.1600037,139.73013
2016-10-27,134.1300049,137.65082
2016-10-31,137.4100037,138.09781
2016-11-01,137.1399994,136.74092
2016-11-02,136.1600037,137.06699
2016-11-03,134.1300049,138.83891
2016-11-04,137.4100037,136.81984
2016-11-07,136.5800018,137.25362
2016-11-08,136.1600037,136.03217
2016-11-09,134.1300049,136.34848
2016-11-10,137.4100037,138.09395
2016-11-11,136.5800018,136.12521
2016-11-14,138.2799988,136.547
2016-11-15,134.1300049,135.42755
2016-11-16,137.4100037,135.74008
2016-11-17,136.5800018,137.45985
2016-11-18,138.2799988,135.53256
2016-11-22,137.1900024,135.9442
2016-11-23,137.4100037,134.74048
2016-11-25,136.5800018,135.04935
2016-11-28,138.2799988,136.74559
2016-11-29,137.1900024,134.85953
2016-11-30,135.5200043,135.26273
2016-12-02,136.5800018,134.31932
2016-12-05,138.2799988,134.62982
2016-12-06,137.1900024,136.3159
2016-12-07,135.5200043,134.44633
2016-12-22,138.9700012,134.84612
2016-12-23,138.2799988,134.16135
2016-12-27,137.1900024,134.4791
2016-12-28,135.5200043,136.16176
2016-12-29,138.9700012,134.28899
,139.9400024,134.68932
2017-01-03,137.1900024,134.24957
2017-01-04,135.5200043,134.57892
2017-01-05,138.9700012,136.27057
2017-01-06,139.9400024,134.37401
2017-01-09,139.1399994,134.77846
2017-01-11,135.5200043,134.40466
2017-01-12,138.9700012,134.74626
2017-01-13,139.9400024,136.44823
2017-01-17,139.1399994,134.52489
2017-01-18,138.8500061,134.9344
2017-01-19,138.9700012,134.35167
2017-01-20,139.9400024,134.70187
2017-01-23,139.1399994,136.40254
2017-01-24,138.8500061,134.4748
2017-01-25,142.36000060000003,134.88437
2017-01-26,139.9400024,134.41328
2017-01-27,139.1399994,134.77403
2017-01-30,138.8500061,136.4811
2017-01-31,142.36000060000003,134.53654
2017-02-01,140.3000031,134.94957
2017-02-02,139.1399994,134.76656
2017-02-03,138.8500061,135.14073
2017-02-06,142.36000060000003,136.86478
2017-02-07,140.3000031,134.88084
2017-02-08,144.7700043,135.30287
2017-02-09,138.8500061,135.15903
2017-02-10,142.36000060000003,135.54453
2017-02-13,140.3000031,137.28725
2017-02-14,144.7700043,135.26453
2017-02-15,145.50999449999998,135.69495
2017-02-16,142.36000060000003,135.42828
2017-02-17,140.3000031,135.8211
2017-02-21,144.7700043,137.5776
2017-02-22,145.50999449999998,135.52943
2017-02-23,144.1799927,135.96527
2017-02-24,140.3000031,135.8948
2017-02-27,144.7700043,136.29787
2017-02-28,145.50999449999998,138.07152
2017-03-01,144.1799927,135.98737
2017-03-02,146.0299988,136.42976
2017-03-03,144.7700043,136.34831
2017-03-06,145.50999449999998,136.76141
2017-03-07,144.1799927,138.54626
2017-03-08,146.0299988,136.43187
2017-03-09,146.0099945,136.87993
2017-03-10,145.50999449999998,137.02213
2017-03-14,144.1799927,137.44688
2017-03-15,146.0299988,139.2626
2017-03-16,146.0099945,137.09251
2017-03-17,146.1499939,137.55241
2017-04-03,144.1799927,137.96957
2017-04-04,146.0299988,138.40616
2017-04-05,146.0099945,140.26335
2017-04-06,146.1499939,138.01868
2017-04-07,145.4700012,138.49413
2017-04-10,146.0299988,138.78387
2017-04-11,146.0099945,139.2279
2017-04-13,146.1499939,141.114
2017-04-17,145.4700012,138.81787
2017-04-18,147.16000369999998,139.30093
2017-04-19,146.0099945,139.48442
2017-04-20,146.1499939,139.93427
2017-04-21,145.4700012,141.84488
2017-04-24,147.16000369999998,139.50752
2017-04-25,145.1799927,139.99577
2017-04-27,146.1499939,140.10596
2017-04-28,145.4700012,140.56241
2017-05-01,147.16000369999998,142.47754
2017-05-02,145.1799927,140.11989
2017-05-03,147.1100006,140.60753
2017-05-04,145.4700012,140.5959
2017-05-05,147.16000369999998,141.06155
2017-05-08,145.1799927,142.97403
2017-05-10,147.1100006,140.6041
2017-05-11,148.5800018,141.09131
2017-05-12,147.16000369999998,140.9075
2017-05-15,145.1799927,141.38013
2017-05-16,147.1100006,143.28465
2017-05-17,148.5800018,140.91211
2017-05-18,146.6199951,141.40044
2017-05-19,145.1799927,141.23299
2017-05-22,147.1100006,141.71268
2017-05-23,148.5800018,143.61069
2017-05-24,146.6199951,141.23164
2017-05-25,144.7100067,141.72388
2017-05-26,147.1100006,141.43323
2017-05-30,148.5800018,141.91714
2017-05-31,146.6199951,143.80655
2017-06-01,144.7100067,141.42645
2017-06-02,143.78999329999996,141.92372
2017-06-05,148.5800018,141.64621
2017-06-06,146.6199951,142.13206
2017-06-07,144.7100067,144.01926
2017-06-08,143.78999329999996,141.63277
2017-06-09,144.6399994,142.13667
2017-06-12,146.6199951,142.06848
2017-06-13,144.7100067,142.55757
2017-06-14,143.78999329999996,144.45503
2017-06-15,144.6399994,142.04158
2017-06-16,143.8300018,142.55623
2017-06-19,144.7100067,142.43182
2017-06-20,143.78999329999996,142.92052
2017-06-21,144.6399994,144.8259
2017-06-22,143.8300018,142.3932
2017-06-23,144.83000179999996,142.91522
2017-06-26,143.78999329999996,142.4469
2017-06-27,144.6399994,142.9274
2017-06-28,143.8300018,144.83423
2017-06-29,144.83000179999996,142.4061
2017-06-30,143.4199982,142.93047
2017-07-03,144.6399994,142.14647
2017-07-06,143.8300018,142.61072
2017-07-07,144.83000179999996,144.51427
2017-07-10,143.4199982,142.1104
2017-07-11,143.8600006,142.63376
2017-07-12,143.8300018,141.79219
2017-07-13,144.83000179999996,142.23718
2017-07-14,143.4199982,144.13712
2017-07-17,143.8600006,141.76108
2017-07-18,142.6499939,142.28127
2017-07-19,144.83000179999996,141.44232
2017-07-20,143.4199982,141.86964
2017-07-21,143.8600006,143.75674
2017-07-24,142.6499939,141.41586
2017-07-25,140.9700012,141.92825
2017-07-26,143.4199982,141.21396
2017-07-27,143.8600006,141.63155
2017-07-28,142.6499939,143.50168
2017-07-31,140.9700012,141.19127
2017-08-01,142.6999969,141.6943
2017-08-02,143.8600006,141.01398
2017-08-03,142.6499939,141.42802
2017-08-04,140.9700012,143.28064
2017-08-07,142.6999969,140.99518
2017-08-08,142.8500061,141.49095
2017-08-09,142.6499939,140.84846
2017-08-10,140.9700012,141.26186
2017-08-11,142.6999969,143.10072
2017-08-14,142.8500061,140.83333
2017-08-15,139.1799927,141.32445
2017-08-16,140.9700012,140.63832
2017-08-17,142.6999969,141.05122
2017-08-21,142.8500061,142.8783
2017-08-22,139.1799927,140.62703
2017-08-23,138.6499939,141.11583
2017-08-24,142.6999969,140.23404
2017-08-25,142.8500061,140.64116
2017-08-28,139.1799927,142.45985
2017-08-29,138.6499939,140.2308
2017-08-30,138.9499969,140.71822
2017-08-31,142.8500061,139.88055
2017-09-01,139.1799927,140.28062
2017-09-05,138.6499939,142.09352
2017-09-06,138.9499969,139.88365
2017-09-07,136.0500031,140.36928
2017-09-08,139.1799927,139.6977
2017-09-11,138.6499939,140.09456
,138.9499969,141.90468
2017-09-14,136.0500031,139.70267
2017-09-15,136.25,140.18732
2017-09-18,138.6499939,139.29932
2017-09-19,138.9499969,139.6882
2017-09-20,136.0500031,141.49232
2017-09-21,136.25,139.3118
2017-09-22,135.9199982,139.7932
2017-09-25,138.9499969,138.64888
2017-09-26,136.0500031,139.0225
2017-09-27,136.25,140.81902
2017-09-28,135.9199982,138.67549
2017-09-29,136.5299988,139.15077
2017-10-02,136.0500031,137.99162
2017-10-03,136.25,138.34787
2017-10-04,135.9199982,140.13818
2017-10-05,136.5299988,138.0312
2017-10-09,137.2700043,138.49966
2017-10-10,136.25,137.18721
2017-10-11,135.9199982,137.52191
2017-10-12,136.5299988,139.30225
2017-10-13,137.2700043,137.24254
2017-10-17,139.8300018,137.70091
2017-10-18,135.9199982,136.31296
2017-10-19,136.5299988,136.62665
,137.2700043,138.38649
2017-10-23,139.8300018,136.38737
2017-10-24,140.1300049,136.82959
2017-10-25,136.5299988,135.52377
2017-10-26,137.2700043,135.82343
2017-10-27,139.8300018,137.56085
2017-10-30,140.1300049,135.61557
2017-10-31,139.0800018,136.0423
2017-11-01,137.2700043,134.94211
2017-11-02,139.8300018,135.23593
2017-11-03,140.1300049,136.9542
2017-11-06,139.0800018,135.0471
2017-11-07,139.7100067,135.46092
2017-11-08,139.8300018,134.63696
2017-11-09,140.1300049,134.93567
2017-11-10,139.0800018,136.6354
2017-11-13,139.7100067,134.74937
2017-11-14,138.5200043,135.15326
2017-11-15,140.1300049,134.76736
2017-11-16,139.0800018,135.08218
2017-11-17,139.7100067,136.78732
2017-11-20,138.5200043,134.8774
2017-11-21,137.9700012,135.28304
2017-11-22,139.0800018,135.2207
,139.7100067,135.5558
2017-11-27,138.5200043,137.28224
2017-11-28,137.9700012,135.32063
2017-11-29,137.1199951,135.7353
2017-11-30,139.7100067,135.6402
2017-12-01,138.5200043,135.99321
2017-12-04,137.9700012,137.73816
2017-12-05,137.1199951,135.73302
2017-12-06,136.6699982,136.15477
2017-12-07,138.5200043,135.95
2017-12-08,137.9700012,136.31914
2017-12-11,137.1199951,138.0749
2017-12-13,136.6699982,136.03996
2017-12-14,133.5800018,136.466
2017-12-15,137.9700012,136.06483
2017-12-18,137.1199951,136.44742
2017-12-19,136.6699982,138.2007
2017-12-20,133.5800018,136.15625
2017-12-21,135.8999939,136.58359
2017-12-22,137.1199951,135.95134
2017-12-26,136.6699982,136.34242
2017-12-27,133.5800018,138.08765
2017-12-28,135.8999939,136.04839
2017-12-29,133.4799957,136.47667
2018-01-02,136.6699982,135.65195
2018-01-03,133.5800018,136.04524
2018-01-04,135.8999939,137.77846
2018-01-05,133.4799957,135.75632
2018-01-08,135.7799988,136.18552
2018-01-09,133.5800018,135.24661
2018-01-10,135.8999939,135.63681
2018-01-11,133.4799957,137.35768
2018-01-12,135.7799988,135.35858
2018-01-16,135.5700073,135.78856
2018-01-17,135.8999939,134.57225
2018-01-18,133.4799957,134.94975
,135.7799988,136.65662
2018-01-22,135.5700073,134.69566
2018-01-23,135.8699951,135.12459
2018-01-24,133.4799957,133.95934
2018-01-25,135.7799988,134.32156
2018-01-26,135.5700073,136.0176
2018-01-29,135.8699951,134.09224
2018-01-30,137.5899963,134.51794
2018-01-31,135.7799988,133.37508
2018-02-01,135.5700073,133.7227
2018-02-02,135.8699951,135.40532
2018-02-06,137.5899963,133.51547
2018-02-07,136.4400024,133.9361
2018-02-08,135.5700073,132.99522
2018-02-09,135.8699951,133.33379
2018-02-13,137.5899963,135.00842
2018-02-14,136.4400024,133.14088
2018-02-15,137.2299957,133.55573
2018-02-16,135.8699951,132.8589
2018-03-06,137.5899963,133.19655
2018-03-07,136.4400024,134.86523
2018-03-09,137.2299957,133.00458
2018-03-12,135.9600067,133.41539
2018-03-13,137.5899963,132.87856
2018-03-14,136.4400024,133.22192
2018-03-15,137.2299957,134.88759
2018-03-16,135.9600067,133.02338
2018-03-19,137.75,133.43147
2018-03-20,136.4400024,133.11859
2018-03-21,137.2299957,133.4735
2018-03-22,135.9600067,135.14781
2018-03-23,137.75,133.25821
2018-03-26,137.0399933,133.66924
2018-03-27,137.2299957,133.39502
2018-03-28,135.9600067,133.76309
2018-03-29,137.75,135.44107
2018-04-02,137.0399933,133.52951
2018-04-03,135.2599945,133.9429
2018-04-04,135.9600067,133.6349
2018-04-05,137.75,134.01678
2018-04-06,137.0399933,135.69864
2018-04-09,135.2599945,133.7667
2018-04-10,133.8000031,134.18321
2018-04-11,137.75,133.73422
2018-04-12,137.0399933,134.12697
2018-04-13,135.2599945,135.80719
2018-04-16,133.8000031,133.8658
2018-04-18,134.6699982,134.28528
2018-04-19,137.0399933,133.84674
2018-04-20,135.2599945,134.24902
2018-04-23,133.8000031,135.93016
2018-04-25,134.6699982,133.9773
2018-04-26,134.8399963,134.40112
2018-04-27,135.2599945,133.9664
2018-04-30,133.8000031,134.37689
2018-05-01,134.6699982,136.05766
2018-05-03,134.8399963,134.09398
2018-05-04,133.5099945,134.52303
2018-05-07,133.8000031,133.88272
2018-05-08,134.6699982,134.2952
2018-05-09,134.8399963,135.9726
2018-05-10,133.5099945,134.01178
2018-05-11,134.0200043,134.4443
2018-05-14,134.6699982,133.50694
2018-05-15,134.8399963,133.9119
2018-05-16,133.5099945,135.58359
2018-05-18,134.0200043,133.64308
2018-05-21,137.5200043,134.07674
2018-05-22,134.8399963,133.07642
2018-05-23,133.5099945,133.46881
2018-05-25,134.0200043,135.13629
2018-05-29,137.5200043,133.21939
,137.3300018,133.65236
2018-05-31,133.5099945,132.7485
2018-06-01,134.0200043,133.12961
2018-06-04,137.5200043,134.79022
2018-06-05,137.3300018,132.89496
2018-06-06,136.6900024,133.32481
2018-06-07,134.0200043,132.41515
2018-06-08,137.5200043,132.78787
2018-06-11,137.3300018,134.43419
2018-06-12,136.6900024,132.56674
2018-06-13,135.1600037,132.98985
2018-06-14,137.5200043,132.12286
2018-06-15,137.3300018,132.4918
2018-06-18,136.6900024,134.12273
2018-06-19,135.1600037,132.28012
2018-06-20,135.5700073,132.69649
2018-06-21,137.3300018,132.24324
2018-06-22,136.6900024,132.6171
2018-06-25,135.1600037,134.25601
2018-06-26,135.5700073,132.3958
2018-06-27,134.9100037,132.81552
2018-06-28,136.6900024,132.6924
2018-06-29,135.1600037,133.07433
2018-07-02,135.5700073,134.73518
2018-07-03,134.9100037,132.83183
2018-07-05,137.5399933,133.25996
2018-07-06,135.1600037,133.13596
2018-07-09,135.5700073,133.52429
2018-07-10,134.9100037,135.20856
2018-07-11,137.5399933,133.26558
2018-07-13,137.8099976,133.70001
2018-07-16,135.5700073,133.31493
2018-07-17,134.9100037,133.7051
2018-07-18,137.5399933,135.39984
2018-07-19,137.8099976,133.44328
2018-07-20,140.8500061,133.87788
2018-07-23,134.9100037,133.28908
2018-07-24,137.5399933,133.67899
2018-07-25,137.8099976,135.37247
2018-07-26,140.8500061,133.42209
2018-07-27,143.5899963,133.85255
2018-07-30,137.5399933,133.11836
2018-07-31,137.8099976,133.50662
2018-08-01,140.8500061,135.19145
2018-08-02,143.5899963,133.25774
2018-08-03,142.6699982,133.68336
2018-08-06,137.8099976,133.11456
2018-08-07,140.8500061,133.50468
2018-08-08,143.5899963,135.1876
2018-08-09,142.6699982,133.25528
2018-08-10,143.2700043,133.68
2018-08-13,140.8500061,133.34752
2018-08-14,143.5899963,133.7437
2018-08-15,142.6699982,135.43314
2018-08-16,143.2700043,133.4824
2018-08-17,142.3999939,133.91132
2018-08-20,143.5899963,133.95335
2018-08-21,142.6699982,134.35962
2018-08-22,143.2700043,136.07825
2018-08-23,142.3999939,134.07423
2018-08-24,141.1300049,134.51479
2018-08-27,142.6699982,135.03741
2018-08-28,143.2700043,135.45677
2018-08-29,142.3999939,137.22992
2018-08-30,141.1300049,135.13284
2018-08-31,142.0200043,135.5926
2018-09-06,143.2700043,136.18793
2018-09-10,142.3999939,136.61781
2018-09-25,141.1300049,138.44046
2018-09-26,142.0200043,136.2596
2018-09-27,142.5099945,136.7326
2018-09-28,142.3999939,137.14565
2018-10-01,141.1300049,137.58368
2018-10-02,142.0200043,139.44336
2018-10-03,142.5099945,137.2026
2018-10-04,142.2200012,137.68138
2018-10-05,141.1300049,137.77913
2018-10-08,142.0200043,138.22324
2018-10-09,142.5099945,140.09209
2018-10-10,142.2200012,137.83072
2018-10-11,141.1900024,138.30615
2018-10-12,142.0200043,137.99728
2018-10-15,142.5099945,138.44487
2018-10-16,142.2200012,140.3045
2018-10-17,141.1900024,138.05287
2018-10-18,139.5500031,138.52194
2018-10-19,142.5099945,138.01865
2018-10-22,142.2200012,138.46753
2018-10-23,141.1900024,140.31093
2018-10-24,139.5500031,138.07977
2018-10-25,139.3300018,138.54416
2018-10-29,142.2200012,138.05847
2018-10-30,141.1900024,138.50925
2018-10-31,139.5500031,140.33727
,139.3300018,138.1207
2018-11-02,139.6000061,138.58467
2018-11-05,141.1900024,138.12863
2018-11-06,139.5500031,138.5817
2018-11-07,139.3300018,140.39459
2018-11-08,139.6000061,138.18895
2018-11-09,140.0800018,138.65456
2018-11-12,139.5500031,138.1243
2018-11-13,139.3300018,138.57808
2018-11-14,139.6000061,140.37585
2018-11-15,140.0800018,138.18317
2018-11-16,137.7299957,138.65129
2018-11-19,139.3300018,137.91893
2018-11-20,139.6000061,138.36746
2018-11-21,140.0800018,140.1522
2018-11-23,137.7299957,137.97969
2018-11-26,136.1300049,138.45068
2018-11-27,139.6000061,137.57693
2018-11-28,140.0800018,138.01408
2018-11-29,137.7299957,139.78888
2018-11-30,136.1300049,137.64142
2018-12-03,140.6499939,138.11432
2018-12-04,140.0800018,137.25229
2018-12-06,137.7299957,137.67636
2018-12-07,136.1300049,139.44202
2018-12-10,140.6499939,137.31909
2018-12-11,146.0,137.79173
2018-12-12,137.7299957,137.05342
2018-12-13,136.1300049,137.46838
2018-12-14,140.6499939,139.22374
2018-12-17,146.0,137.12044
2018-12-18,148.4799957,137.59055
2018-12-19,136.1300049,136.76503
2018-12-20,140.6499939,137.17181
2018-12-21,146.0,138.91367
2018-12-24,148.4799957,136.83546
2018-12-26,145.3099976,137.30125
2018-12-27,140.6499939,136.2381
2018-12-28,146.0,136.6315
2018-12-31,148.4799957,138.36142
2019-01-02,145.3099976,136.31818
2019-01-04,146.8600006,136.7788
2019-01-07,146.0,136.02158
2019-01-08,148.4799957,136.40524
2019-01-09,145.3099976,138.13986
2019-01-25,146.8600006,136.10327
2019-01-28,148.6399994,136.56316
2019-01-29,148.4799957,136.69359
2019-01-30,145.3099976,137.08028
2019-01-31,146.8600006,138.86504
2019-02-01,148.6399994,136.75429
2019-02-04,149.5899963,137.2288
2019-02-05,145.3099976,138.16997
2019-02-06,146.8600006,138.56688
2019-02-07,148.6399994,140.44185
2019-02-08,149.5899963,138.19295
2019-02-11,158.0800018,138.69138
2019-02-12,146.8600006,139.5425
2019-02-13,148.6399994,139.94333
2019-02-14,149.5899963,141.89873
2019-02-15,158.0800018,139.53737
2019-02-19,165.5700073,140.04803
2019-02-20,148.6399994,140.5257
2019-02-21,149.5899963,140.92827
2019-02-25,158.0800018,142.92822
2019-02-26,165.5700073,140.5101
2019-02-27,168.1799927,141.0154
2019-02-28,149.5899963,141.33876
2019-03-01,158.0800018,141.75099
2019-03-04,165.5700073,143.76422
2019-03-05,168.1799927,141.31886
2019-03-06,164.3500061,141.81207
2019-03-07,158.0800018,142.0899
2019-03-08,165.5700073,142.5186
2019-03-11,168.1799927,144.53743
2019-03-12,164.3500061,142.06613
2019-03-13,157.1499939,142.55197
2019-03-14,165.5700073,143.54091
2019-03-15,168.1799927,143.99599
2019-03-18,164.3500061,146.07602
2019-03-19,157.1499939,143.493
2019-03-20,156.5,143.99788
2019-03-21,168.1799927,146.26254
2019-03-22,164.3500061,146.75227
2019-03-25,157.1499939,148.96402
2019-03-26,156.5,146.1556
2019-03-27,157.1100006,146.7052
2019-03-28,164.3500061,149.67789
2019-03-29,157.1499939,150.19891
2019-04-02,156.5,152.57254
2019-04-03,157.1100006,149.49812
2019-04-04,153.3800049,150.0928
2019-04-05,157.1499939,152.40836
2019-04-08,156.5,152.94125
2019-04-09,157.1100006,155.43277
2019-04-10,153.3800049,152.17848
2019-04-11,154.5500031,152.79008
2019-04-12,156.5,153.40118
2019-04-15,157.1100006,153.92198
2019-04-16,153.3800049,156.43991
2019-04-17,154.5500031,153.1671
2019-04-18,160.1100006,153.76031
2019-04-22,157.1100006,153.11122
2019-04-23,153.3800049,153.60823
2019-04-24,154.5500031,156.1082
2019-04-25,160.1100006,152.90074
2019-04-26,160.3999939,153.46997
2019-04-29,153.3800049,152.3579
2019-04-30,154.5500031,152.82358
2019-05-01,160.1100006,155.28723
2019-05-02,160.3999939,152.17183
2019-05-03,160.75,152.72115
2019-05-06,154.5500031,151.22868
2019-05-07,160.1100006,151.6584
2019-05-08,160.3999939,154.05861
2019-05-09,160.75,151.06941
2019-05-10,160.4700012,151.59451
2019-05-13,160.1100006,150.09262
2019-05-14,160.3999939,150.49573
2019-05-15,160.75,152.8099
2019-05-16,160.4700012,149.95906
2019-05-17,161.8999939,150.45616
2019-05-20,160.3999939,149.79007
2019-05-21,160.75,150.19185
2019-05-22,160.4700012,152.45264
2019-05-23,161.8999939,149.66017
2019-05-24,160.8300018,150.14828
2019-05-28,160.75,150.27637
2019-05-29,160.4700012,150.69238
2019-05-30,161.8999939,152.93346
2019-06-03,160.8300018,150.12897
2019-06-04,161.7700043,150.62292
2019-06-05,160.4700012,151.10951
2019-06-06,161.8999939,151.54593
2019-06-07,160.8300018,153.79176
2019-06-11,161.7700043,150.93858
2019-06-12,160.2400055,151.445
2019-06-13,161.8999939,151.95111
2019-06-14,160.8300018,152.40916
2019-07-01,161.7700043,154.65932
2019-07-02,160.2400055,151.75868
2019-07-03,158.4199982,152.27538
2019-07-05,160.8300018,152.76334
2019-07-08,161.7700043,153.2476
2019-07-09,160.2400055,155.48798
2019-07-10,158.4199982,152.55212
2019-07-11,159.2700043,153.07323
2019-07-12,161.7700043,153.38858
2019-07-15,160.2400055,153.9012
2019-07-16,158.4199982,156.12561
2019-07-18,159.2700043,153.16257
2019-07-19,160.3500061,153.68921
2019-07-22,160.2400055,153.88678
2019-07-23,158.4199982,154.42424
2019-07-24,159.2700043,156.63588
2019-07-25,160.3500061,153.64673
2019-07-26,159.1499939,154.18306
2019-07-29,158.4199982,154.18073
2019-07-30,159.2700043,154.7363
2019-07-31,160.3500061,156.93506
2019-08-01,159.1499939,153.92833
2019-08-02,159.4499969,154.47687
2019-08-07,159.2700043,154.13483
2019-08-08,160.3500061,154.69627
2019-08-09,159.1499939,156.88354
2019-08-12,159.4499969,153.87578
2019-08-13,163.1900024,154.43741
2019-08-14,160.3500061,153.97757
2019-08-15,159.1499939,154.53535
2019-08-16,159.4499969,156.71246
2019-08-19,163.1900024,153.7117
2019-08-20,163.9700012,154.2852
2019-08-21,159.1499939,153.96112
2019-08-22,159.4499969,154.51418
2019-08-23,163.1900024,156.68657
2019-08-26,163.9700012,153.6842
2019-08-27,163.27999879999996,154.26872
2019-08-28,159.4499969,153.97891
2019-08-29,163.1900024,154.52687
2019-08-30,163.9700012,156.69164
2019-09-03,163.27999879999996,153.69102
2019-09-04,162.8099976,154.28215
2019-09-05,163.1900024,154.0013
2019-09-06,163.9700012,154.54556
2019-09-09,163.27999879999996,156.70316
2019-09-10,162.8099976,153.70476
2019-09-11,164.5299988,154.30014
2019-09-12,163.9700012,154.37022
2019-09-13,163.27999879999996,154.91632
2019-09-16,162.8099976,157.08844
2019-09-18,164.5299988,154.05833
2019-09-20,165.5599976,154.66388
2019-10-08,163.27999879999996,155.07364
2019-10-09,162.8099976,155.62364
2019-10-10,164.5299988,157.82616
2019-10-11,165.5599976,154.7391
2019-10-14,165.6999969,155.35698
2019-10-15,162.8099976,155.76666
2019-10-16,164.5299988,156.3177
2019-10-17,165.5599976,158.55211
2019-10-18,165.6999969,155.41246
2019-10-23,165.4299927,156.03847
2019-10-24,164.5299988,156.25801
2019-10-25,165.5599976,156.80724
2019-11-11,165.6999969,159.062
2019-11-12,165.4299927,155.89154
2019-11-13,167.1499939,156.51912
2019-11-14,165.5599976,156.7105
2019-11-15,165.6999969,157.26138
2019-11-18,165.4299927,159.5235
2019-11-19,167.1499939,156.3341
2019-11-20,168.2400055,156.95859
2019-11-21,165.6999969,157.21738
2019-11-22,165.4299927,157.77525
2019-11-25,167.1499939,160.04597
2019-11-26,168.2400055,156.82979
2019-11-27,171.8399963,157.45412
2019-11-29,165.4299927,157.72594
2019-12-02,167.1499939,158.29044
2019-12-03,168.2400055,160.57204
2019-12-04,171.8399963,157.32623
2019-12-05,173.8500061,157.95285
2019-12-06,167.1499939,158.14252
2019-12-09,168.2400055,158.71158
2019-12-10,171.8399963,161.00136
2019-12-11,173.8500061,157.73248
2019-12-12,168.5700073,158.36147
2019-12-13,168.2400055,158.60316
2019-12-16,171.8399963,159.1773
2019-12-17,173.8500061,161.47516
2019-12-18,168.5700073,158.18115
2019-12-19,170.78999329999996,158.81314
2019-12-20,171.8399963,159.1791
2019-12-23,173.8500061,159.75983
2019-12-24,168.5700073,162.07074
2019-12-26,170.78999329999996,158.74156
2019-12-27,173.3899994,159.37883
2019-12-30,173.8500061,160.06715
2019-12-31,168.5700073,160.65654
2020-01-02,170.78999329999996,163.00342
2020-01-03,173.3899994,159.60695
2020-01-06,170.2899933,160.25648
2020-01-07,168.5700073,161.2788
2020-01-08,170.78999329999996,161.8761
2020-01-09,173.3899994,164.27646
2020-01-10,170.2899933,160.7882
2020-01-13,167.2299957,161.45264
2020-01-14,170.78999329999996,162.03899
2020-01-15,173.3899994,162.63358
2020-01-16,170.2899933,165.06482
2020-01-17,167.2299957,161.53006
2020-01-21,167.6600037,162.1974
2020-01-22,173.3899994,162.43248
2020-01-23,170.2899933,163.0196
2020-01-24,167.2299957,165.46637
2020-01-27,167.6600037,161.91599
2020-01-28,167.2799988,162.57993
2020-01-29,170.2899933,162.9283
2020-01-30,167.2299957,163.51253
2020-01-31,167.6600037,165.97073
2020-02-03,167.2799988,162.40022
2020-02-04,166.6999969,163.0617
2020-02-05,167.2299957,163.224
2020-02-06,167.6600037,163.80394
2020-02-07,167.2799988,166.26408
2020-02-10,166.6999969,162.68837
2020-02-11,165.3899994,163.34544
2020-02-12,167.6600037,162.98703
2020-02-13,167.2799988,163.55489
2020-02-14,166.6999969,166.00298
2020-02-18,165.3899994,162.45645
2020-02-19,162.2400055,163.10695
2020-02-20,167.2799988,162.50114
2020-02-21,166.6999969,163.05287
2020-02-24,165.3899994,165.48477
2020-02-25,162.2400055,161.9802
2020-02-26,162.2799988,162.6263
2020-02-28,166.6999969,161.99394
2020-03-02,165.3899994,162.52834
2020-03-03,162.2400055,164.94473
2020-03-04,162.2799988,161.48102
2020-03-05,161.8699951,162.12447
2020-03-06,165.3899994,161.51337
2020-03-09,162.2400055,162.03194
2020-03-10,162.2799988,164.42285
2020-03-11,161.8699951,161.00685
2020-03-12,162.7899933,161.64311
2020-03-13,162.2400055,161.00333
2020-03-16,162.2799988,161.51291
2020-03-17,161.8699951,163.87138
2020-03-18,162.7899933,160.50574
2020-03-19,164.9900055,161.13335
2020-03-20,162.2799988,160.24077
2020-03-23,161.8699951,160.74097
2020-03-24,162.7899933,163.07231
2020-03-26,164.9900055,159.75987
2020-03-27,165.9100037,160.38365
2020-03-30,161.8699951,159.38449
2020-03-31,162.7899933,159.86961
2020-04-16,164.9900055,162.17961
2020-04-17,165.9100037,158.92125
2020-04-21,162.7799988,159.54341
2020-04-22,162.7899933,158.59828
2020-04-23,164.9900055,159.06839
2020-04-24,165.9100037,161.3592
2020-04-27,162.7799988,158.15019
2020-04-28,164.4600067,158.77039
2020-04-29,164.9900055,158.03798
2020-04-30,165.9100037,158.49898
2020-05-04,162.7799988,160.7718
2020-05-05,164.4600067,157.601
2020-05-06,167.25,158.21687
2020-05-07,165.9100037,157.89131
2020-05-22,162.7799988,158.35489
2020-05-26,164.4600067,160.62007
2020-05-27,167.25,157.45775
2020-05-28,167.3899994,158.07135
2020-05-29,162.7799988,158.12134
2020-06-01,164.4600067,158.5962
2020-06-02,167.25,160.8694
2020-06-03,167.3899994,157.68414
2020-06-04,168.05000309999997,158.29996
2020-06-05,164.4600067,158.23665
2020-06-08,167.25,158.72089
2020-06-09,167.3899994,160.99878
2020-06-10,168.05000309999997,157.79974
2020-06-11,172.1300049,158.41595
2020-06-12,167.25,158.28041
2020-06-15,167.3899994,158.77325
2020-06-16,168.05000309999997,161.0543
2020-06-17,172.1300049,157.84674
2020-06-18,172.53999329999996,158.46266
2020-06-19,167.3899994,158.58237
2020-06-22,168.05000309999997,159.08842
2020-06-23,172.1300049,161.38239
2020-06-24,172.53999329999996,158.1448
2020-06-25,175.3699951,158.76491
2020-06-26,168.05000309999997,159.06232
2020-06-30,172.1300049,159.5821
2020-07-01,172.53999329999996,161.89603
2020-07-02,175.3699951,158.6158
2020-07-06,178.83000180000002,159.24182
2020-07-07,172.1300049,159.58258
2020-07-08,172.53999329999996,160.11365
2020-07-10,175.3699951,162.45174
2020-07-14,178.83000180000002,159.12645
2020-07-15,178.8699951,159.75842
2020-07-16,172.53999329999996,160.41673
2020-07-17,175.3699951,160.96112
2020-07-20,178.83000180000002,163.337
2020-07-21,178.8699951,159.94365
2020-07-22,177.1300049,160.58499
2020-07-23,175.3699951,161.4483
2020-07-24,178.83000180000002,162.00633
2020-07-27,178.8699951,164.4207
2020-07-28,177.1300049,160.95303
2020-07-29,178.6699982,161.60179
2020-07-30,178.83000180000002,162.63297
2020-07-31,178.8699951,163.20485
2020-08-03,177.1300049,165.66653
2020-08-04,178.6699982,162.11322
2020-08-05,181.2799988,162.77
2020-08-06,178.8699951,164.09799
2020-08-10,177.1300049,164.68472
2020-08-11,178.6699982,167.20523
2020-08-12,181.2799988,163.54715
2020-08-13,183.9799957,164.21425
2020-08-17,177.1300049,165.56151
2020-08-18,178.6699982,166.16049
2020-08-19,181.2799988,168.7287
2020-08-20,183.9799957,164.97963
2020-08-21,189.1999969,165.65
2020-08-24,178.6699982,166.59464
2020-08-25,181.2799988,167.20105
2020-08-26,183.9799957,169.7933
2020-08-28,189.1999969,165.99252
2020-08-31,188.9600067,166.6583
2020-09-01,181.2799988,167.34315
2020-09-02,183.9799957,167.95572
2020-09-03,189.1999969,170.55077
2020-09-04,188.9600067,166.72595
2020-09-08,195.0399933,167.3835
2020-09-09,183.9799957,168.15144
2020-09-10,189.1999969,168.77542
2020-09-14,188.9600067,171.3716
2020-09-15,195.0399933,167.51538
2020-09-16,188.75,168.16939
2020-09-17,189.1999969,169.2019
2020-09-18,188.9600067,169.83978
2020-09-21,195.0399933,172.45476
2020-09-22,188.75,168.53906
2020-09-23,186.3000031,169.19876
2020-09-24,188.9600067,170.76988
2020-09-25,195.0399933,171.42189
2020-09-28,188.75,174.09204
2020-09-29,186.3000031,170.06682
2020-09-30,187.10000610000003,170.74387
2020-10-01,195.0399933,172.49808
2020-10-02,188.75,173.1573
2020-10-05,186.3000031,175.88557
2020-10-06,187.10000610000003,171.74966
2020-10-07,184.8399963,172.43901
2020-10-08,188.75,174.50864
2020-10-09,186.3000031,175.17558
2020-10-12,187.10000610000003,177.97496
2020-10-13,184.8399963,173.71097
2020-10-14,180.5,174.41081
2020-10-15,186.3000031,175.95856
2020-10-16,187.10000610000003,176.62367
2020-10-19,184.8399963,179.45593
2020-10-20,180.5,175.12358
2020-10-21,182.3899994,175.81758
2020-10-22,187.10000610000003,176.46323
2020-10-23,184.8399963,177.11821
2020-10-26,180.5,179.9487
2020-10-27,182.3899994,175.61525
2020-10-28,182.4199982,176.2951
2020-10-29,184.8399963,176.48044
2020-11-03,180.5,177.12318
2020-11-04,182.3899994,179.93776
2020-11-05,182.4199982,175.62845
2020-11-06,179.75,176.29941
2020-11-09,180.5,176.172
2020-11-10,182.3899994,176.79794
2020-11-11,182.4199982,179.59102
2020-11-13,179.75,175.32043
2020-11-16,178.4600067,175.9874
2020-11-17,182.3899994,175.34093
2020-11-18,182.4199982,175.94104
2020-11-19,179.75,178.6927
2020-11-20,178.4600067,174.49861
2020-11-23,173.6499939,175.15852
2020-11-24,182.4199982,174.47324
2020-11-25,179.75,175.0508
2020-11-27,178.4600067,177.7602
2020-11-30,173.6499939,173.64102
2020-12-02,169.4499969,174.2969
2020-12-03,179.75,173.86568
2020-12-04,178.4600067,174.4286
2020-12-07,173.6499939,177.10168
2020-12-08,169.4499969,173.03728
2020-12-09,173.0399933,173.6922
2020-12-10,178.4600067,173.27702
2020-12-11,173.6499939,173.82936
2020-12-14,169.4499969,176.46512
2020-12-15,173.0399933,172.45348
2020-12-16,173.1799927,173.10556
2020-12-17,173.6499939,172.60202
2020-12-21,169.4499969,173.1476
2020-12-22,173.0399933,175.74629
2020-12-23,173.1799927,171.7879
2020-12-28,174.1199951,172.43784
2020-12-29,169.4499969,171.54362
2020-12-30,173.0399933,172.07948
2021-01-04,173.1799927,174.65038
2021-01-05,174.1199951,170.75143
2021-01-06,177.1499939,171.40605
2021-01-08,173.0399933,169.95718
2021-01-11,173.1799927,170.467
2021-01-12,174.1199951,173.01712
2021-01-13,177.1499939,169.1992
2021-01-14,178.0299988,169.86203
2021-01-15,173.1799927,168.54916
2021-01-19,174.1199951,169.02838
2021-01-20,177.1499939,171.56189
2021-01-21,178.0299988,167.8194
2021-01-22,181.6000061,168.48718
2021-01-25,174.1199951,167.5877
2021-01-26,177.1499939,168.04692
2021-01-27,178.0299988,170.56325
2021-01-28,181.6000061,166.87752
2021-01-29,177.6799927,167.54343
2021-02-03,177.1499939,167.04478
2021-02-04,178.0299988,167.49791
2021-02-05,181.6000061,169.99509
2021-02-08,177.6799927,166.34901
2021-02-09,179.1000061,167.00558
2021-02-10,178.0299988,167.0528
2021-02-11,181.6000061,167.51628
2021-02-12,177.6799927,170.01607
2021-02-16,179.1000061,166.36316
2021-02-17,178.2200012,167.01633
2021-02-18,181.6000061,167.50432
2021-02-19,177.6799927,167.98735
2021-02-22,179.1000061,170.50002
2021-02-23,178.2200012,166.81163
2021-02-24,175.9799957,167.46323
2021-02-25,177.6799927,168.36998
2021-02-26,179.1000061,168.88042
2021-03-01,178.2200012,171.42937
2021-03-02,175.9799957,167.66693
2021-03-03,174.6999969,168.32368
2021-03-04,179.1000061,169.04222
2021-03-05,178.2200012,169.5751
2021-03-08,175.9799957,172.14725
2021-03-09,174.6999969,168.33209
2021-03-10,173.4799957,168.98929
2021-03-11,178.2200012,169.4536
2021-03-12,175.9799957,170.0057
2021-03-15,174.6999969,172.58765
2021-03-16,173.4799957,168.74266
2021-03-17,173.8099976,169.39676
2021-03-19,175.9799957,169.6492
2021-03-23,174.6999969,170.21902
2021-03-24,173.4799957,172.79875
2021-04-09,173.8099976,168.9398
2021-04-12,174.1199951,169.59183
2021-04-14,174.6999969,169.49219
2021-04-15,173.4799957,170.07094
2021-04-16,173.8099976,172.64156
2021-04-19,174.1199951,168.78943
2021-04-20,175.1799927,169.44156
2021-04-21,173.4799957,169.0233
2021-04-22,173.8099976,169.60133
2021-04-23,174.1199951,172.15291
2021-04-26,175.1799927,168.33034
2021-04-27,171.6100006,168.9829
2021-04-28,173.8099976,168.36177
2021-04-29,174.1199951,168.9333
2021-04-30,175.1799927,171.46501
2021-05-03,171.6100006,167.68109
2021-05-04,172.8099976,168.33676
2021-05-05,174.1199951,167.73773
2021-05-06,175.1799927,168.29889
2021-05-07,171.6100006,170.8098
2021-05-10,172.8099976,167.06586
2021-05-11,171.3999939,167.7239
2021-05-12,175.1799927,167.30211
2021-05-13,171.6100006,167.85713
2021-05-14,172.8099976,170.34393
2021-05-17,171.3999939,166.6342
2021-05-18,175.1799927,167.29167
2021-05-19,171.6100006,167.14316
2021-05-20,172.8099976,167.70032
2021-05-21,171.3999939,170.1684
2021-05-24,175.1799927,166.47432
2021-05-25,185.7799988,167.13144
2021-05-26,172.8099976,166.86679
2021-05-27,171.3999939,167.42702
2021-05-28,175.1799927,169.87862
2021-06-01,185.7799988,166.20184
2021-06-02,186.5500031,166.86
2021-06-03,171.3999939,166.55518
2021-06-04,175.1799927,167.1156
2021-06-08,185.7799988,169.5569
2021-06-09,186.5500031,165.89555
2021-06-10,189.5899963,166.55653
2021-06-11,175.1799927,166.2005
2021-06-28,185.7799988,166.76003
2021-06-29,186.5500031,169.19296
2021-06-30,189.5899963,165.54707
2021-07-01,189.6499939,166.21194
2021-07-02,185.7799988,166.14847
2021-07-06,186.5500031,166.70891
2021-07-07,189.5899963,169.1486
2021-07-08,189.6499939,165.49464
2021-07-09,189.57000730000001,166.16568
2021-07-12,186.5500031,167.29283
2021-07-13,189.5899963,167.86678
2021-07-14,189.6499939,170.38574
2021-07-15,189.57000730000001,166.61298
2021-07-16,183.41999819999998,167.31068
2021-07-19,189.5899963,169.29861
2021-07-20,189.6499939,169.88382
2021-07-21,189.57000730000001,172.51614
2021-07-22,183.41999819999998,168.57272
2021-07-26,184.2200012,169.29605
2021-07-27,189.6499939,171.55592
2021-07-28,189.57000730000001,172.14818
2021-07-29,183.41999819999998,174.9038
2021-08-16,184.2200012,170.78491
2021-08-18,187.0,171.52266
2021-08-19,189.57000730000001,173.5229
2021-09-03,183.41999819999998,174.11655
2021-09-07,184.2200012,176.95697
2021-09-08,187.0,172.71622
2021-09-09,187.7400055,173.4468
2021-09-10,183.41999819999998,174.91257
2021-09-13,184.2200012,175.50992
2021-09-14,187.0,178.36792
2021-09-15,187.7400055,174.08484
2021-09-16,192.0800018,174.78355
2021-09-17,184.2200012,175.27182
2021-09-20,187.0,175.87636
2021-09-21,187.7400055,178.71507
2021-09-22,192.0800018,174.44872
2021-09-23,189.1100006,175.11809
2021-09-24,187.0,175.00209
2021-09-27,187.7400055,175.60461
2021-09-28,192.0800018,178.41351
2021-09-29,189.1100006,174.19196
2021-09-30,190.3999939,174.84451
2021-10-01,187.7400055,174.82896
2021-10-04,192.0800018,175.42921
2021-10-05,189.1100006,178.21082
2021-10-06,190.3999939,174.0211
2021-10-07,193.3600006,174.66826
2021-10-08,192.0800018,174.9462
2021-10-11,189.1100006,175.54675
2021-10-12,190.3999939,178.30632
2021-10-13,193.3600006,174.12865
2021-10-14,187.6799927,174.7748
2021-10-15,189.1100006,175.60434
2021-10-18,190.3999939,176.21095
2021-10-19,193.3600006,178.97406
2021-10-20,187.6799927,174.76347
2021-10-21,183.2100067,175.41644
2021-10-22,190.3999939,176.35141
2021-10-25,193.3600006,176.96407
2021-10-26,187.6799927,179.72859
2021-10-27,183.2100067,175.48459
2021-10-28,184.2299957,176.141
2021-10-29,193.3600006,177.03008
2021-11-01,187.6799927,177.64949
2021-11-02,183.2100067,180.41096
2021-11-03,184.2299957,176.1405
2021-11-04,188.3000031,176.79662
2021-11-05,187.6799927,177.87895
2021-11-08,183.2100067,178.5112
2021-11-09,184.2299957,181.2775
2021-11-10,188.3000031,176.9636
2021-11-11,186.6100006,177.62271
2021-11-12,183.2100067,178.30237
2021-11-15,184.2299957,178.94191
2021-11-16,188.3000031,181.7013
2021-11-18,186.6100006,177.37103
2021-11-19,187.1600037,178.03052
2021-11-22,184.2299957,177.86198
2021-11-23,188.3000031,178.4946
2021-11-26,186.6100006,181.24097
2021-12-01,187.1600037,176.93636
2021-12-02,189.5099945,177.60019
2021-12-03,188.3000031,177.08858
2021-12-06,186.6100006,177.7023
2021-12-07,187.1600037,180.43634
2021-12-08,189.5099945,176.17348
2021-12-09,189.7799988,176.84651
2021-12-10,186.6100006,176.717
2021-12-13,187.1600037,177.31241
2021-12-15,189.5099945,180.04477
2021-12-16,189.7799988,175.80057
2021-12-17,192.7400055,176.4831
2021-12-20,187.1600037,176.59074
2021-12-21,189.5099945,177.17273
2021-12-22,189.7799988,179.89108
2021-12-23,192.7400055,175.66731
2021-12-27,187.3699951,176.34758
2021-12-28,189.5099945,176.57616
2021-12-29,189.7799988,177.15434
2021-12-30,192.7400055,179.85976
2021-12-31,187.3699951,175.64867
2022-01-03,187.99000550000002,176.32393
2022-01-04,189.7799988,176.86432
2022-01-05,192.7400055,177.44829
2022-01-06,187.3699951,180.14986
2022-01-07,187.99000550000002,175.92825
2022-01-10,189.8899994,176.60126
2022-01-11,192.7400055,177.36086
2022-01-12,187.3699951,177.95694
2022-01-13,187.99000550000002,180.65727
2022-01-14,189.8899994,176.41206
2022-01-18,190.2400055,177.08243
2022-01-21,187.3699951,178.09215
2022-01-24,187.99000550000002,178.7048
2022-01-25,189.8899994,181.42268
2022-01-26,190.2400055,177.12704
2022-01-28,187.2799988,177.80092
2022-01-31,187.99000550000002,178.46255
2022-02-01,189.8899994,179.08517
2022-02-02,190.2400055,181.80956
2022-02-03,187.2799988,177.48888
2022-02-04,187.0800018,178.16379
2022-02-07,189.8899994,178.46214
2022-02-08,190.2400055,179.08797
2022-02-09,187.2799988,181.81212
2022-02-10,187.0800018,177.4887
2022-02-11,184.8000031,178.16464
2022-02-14,190.2400055,178.49503
2022-02-16,187.2799988,179.12344
2022-02-17,187.0800018,181.84738
2022-02-18,184.8000031,177.51863
2022-02-22,185.47999570000002,178.19829
2022-02-23,187.2799988,178.65184
2022-02-24,187.0800018,179.2819
2022-02-25,184.8000031,182.00806
2022-02-28,185.47999570000002,177.66798
2022-03-01,183.41999819999998,178.35106
2022-03-02,187.0800018,178.60544
2022-03-03,184.8000031,179.23392
2022-03-04,185.47999570000002,181.94989
2022-03-07,183.41999819999998,177.61816
2022-03-08,180.6199951,178.2997
2022-03-10,184.8000031,178.37086
2022-03-14,185.47999570000002,178.99733
2022-03-15,183.41999819999998,181.69937
2022-03-16,180.6199951,177.38586
2022-03-17,183.2799988,178.06682
2022-04-11,185.47999570000002,177.90382
2022-04-12,183.41999819999998,178.52489
2022-04-13,180.6199951,181.21252
2022-04-14,183.2799988,176.92647
2022-04-18,179.9400024,177.61035
2022-04-19,183.41999819999998,177.4062
2022-04-20,180.6199951,178.01764
2022-04-21,183.2799988,180.69313
2022-04-22,179.9400024,176.43578
2022-04-25,180.8600006,177.12349
2022-04-26,180.6199951,176.8387
2022-04-27,183.2799988,177.44016
2022-04-28,179.9400024,180.09688
2022-04-29,180.8600006,175.87648
2022-05-02,178.5299988,176.56516
2022-05-03,183.2799988,176.009
2022-05-05,179.9400024,176.59842
2022-05-06,180.8600006,179.23668
2022-05-09,178.5299988,175.064
2022-05-10,179.8500061,175.75471
2022-05-11,179.9400024,175.3451
2022-05-12,180.8600006,175.92279
2022-05-13,178.5299988,178.54675
2022-05-16,179.8500061,174.41278
2022-05-17,194.9499969,175.10567
2022-05-18,180.8600006,174.67238
2022-05-19,178.5299988,175.24118
2022-05-23,179.8500061,177.85023
2022-05-24,194.9499969,173.75461
2022-05-25,195.6000061,174.44879
2022-05-26,178.5299988,174.06322
2022-05-27,179.8500061,174.62369
2022-05-31,194.9499969,177.21812
2022-06-02,195.6000061,173.1595
2022-06-03,194.1399994,173.85233
2022-06-06,179.8500061,173.40442
2022-06-07,194.9499969,173.96037
2022-06-23,195.6000061,176.53792
2022-06-24,194.1399994,172.5179
2022-06-27,200.0800018,173.20908
2022-06-29,194.9499969,172.85777
2022-06-30,195.6000061,173.41093
2022-07-01,194.1399994,175.97821
2022-07-05,200.0800018,171.98682
2022-07-06,200.6699982,172.67769
2022-07-07,195.6000061,173.77074
2022-07-08,194.1399994,174.33702
2022-07-11,200.0800018,176.98325
2022-07-12,200.6699982,172.88487
2022-07-13,201.4199982,173.60236
2022-07-14,194.1399994,175.85982
2022-07-15,200.0800018,176.43866
2022-07-18,200.6699982,179.20868
2022-07-19,201.4199982,174.92993
2022-07-20,201.3999939,175.67484
2022-07-21,200.0800018,177.8672
2022-07-22,200.6699982,178.44778
2022-07-25,201.4199982,181.33693
2022-07-26,201.3999939,176.90215
2022-07-29,200.7200012,177.65517
2022-08-01,200.6699982,179.83058
2022-08-02,201.4199982,180.41226
2022-08-03,201.3999939,183.40079
2022-08-04,200.7200012,178.8351
2022-08-05,199.5599976,179.5824
2022-08-08,201.4199982,181.55348
2022-08-09,201.3999939,182.13974
2022-08-10,200.7200012,185.16083
2022-08-11,199.5599976,180.53052
2022-08-12,198.0599976,181.24408
2022-08-15,201.3999939,182.92067
2022-08-16,200.7200012,183.52446
2022-08-17,199.5599976,186.55534
2022-08-18,198.0599976,181.88123
2022-08-19,201.6600037,182.56126
2022-08-22,200.7200012,183.94205
2022-08-23,199.5599976,184.56232
2022-08-24,198.0599976,187.58711
2022-08-25,201.6600037,182.88835
2022-08-26,201.85000609999997,183.54251
2022-08-29,199.5599976,184.66411
2022-08-30,198.0599976,185.29965
2022-08-31,201.6600037,188.28963
2022-09-01,201.85000609999997,183.59415
2022-09-02,199.6999969,184.22289
2022-09-06,198.0599976,185.07121
2022-09-07,201.6600037,185.72455
2022-09-08,201.85000609999997,188.67287
2022-09-09,199.6999969,183.98787
2022-09-12,202.1799927,184.60217
2022-09-13,201.6600037,185.18593
2022-09-14,201.85000609999997,185.84927
2022-09-15,199.6999969,188.7588
2022-09-16,202.1799927,184.08936
2022-09-19,202.5399933,184.70178
2022-09-20,201.85000609999997,185.49055
2022-09-21,199.6999969,186.16016
2022-09-22,202.1799927,189.04669
2022-09-23,202.5399933,184.3709
2022-09-26,203.0299988,184.99117
2022-09-27,199.6999969,186.02425
2022-09-28,202.1799927,186.69994
2022-09-29,202.5399933,189.57433
2022-09-30,203.0299988,184.87436
2022-10-03,218.8600006,185.50479
2022-10-04,202.1799927,186.43156
2022-10-05,202.5399933,187.10799
2022-10-06,203.0299988,189.97102
2022-10-07,218.8600006,185.25475
2022-10-10,223.0500031,185.89284
2022-10-11,202.5399933,186.8834
2022-10-12,203.0299988,187.55916
2022-10-13,218.8600006,190.41936
2022-10-14,223.0500031,185.68037
2022-10-17,226.3099976,186.32701
2022-10-18,203.0299988,187.4497
2022-10-19,218.8600006,188.12604
2022-10-20,223.0500031,190.98325
2022-10-21,226.3099976,186.21841
2022-10-24,224.46000669999998,186.86967
2022-10-25,218.8600006,188.02089
2022-10-26,223.0500031,188.6987
2022-10-27,226.3099976,191.55711
2022-10-28,224.46000669999998,186.76411
2022-11-01,225.8600006,187.41806
2022-11-03,223.0500031,189.80685
2022-11-07,226.3099976,190.49509
2022-11-08,224.46000669999998,193.4449
2022-11-09,225.8600006,188.50673
2022-11-10,231.0,189.19101
2022-11-11,226.3099976,192.90894
2022-11-14,224.46000669999998,193.54436
2022-11-15,225.8600006,196.60437
2022-11-16,231.0,191.54561
2022-11-17,227.0299988,192.2446
2022-11-18,224.46000669999998,196.34517
2022-11-21,225.8600006,196.89357
2022-11-22,231.0,200.06361
2022-11-23,227.0299988,194.9214
2022-11-25,228.5399933,195.6099
2022-11-28,225.8600006,199.00209
2022-11-30,231.0,199.48193
2022-12-01,227.0299988,202.73145
2022-12-02,228.5399933,197.52881
,227.3600006,198.18497
2022-12-06,231.0,200.71918
2022-12-08,227.0299988,201.16782
2022-12-09,228.5399933,204.42757
2022-12-12,227.3600006,199.20216
2022-12-13,226.7700043,199.79813
2022-12-14,227.0299988,202.317
2022-12-15,228.5399933,202.75598
2022-12-16,227.3600006,206.0025
2022-12-19,226.7700043,200.76414
2022-12-20,227.0899963,201.30502
2022-12-21,228.5399933,203.43677
2022-12-22,227.3600006,203.88387
2022-12-23,226.7700043,207.10406
2022-12-27,227.0899963,201.8493
2022-12-28,234.4499969,202.34483
2022-12-29,227.3600006,204.23955
2022-12-30,226.7700043,204.69737
2023-01-03,227.0899963,207.89355
2023-01-04,234.4499969,202.61794
2023-01-05,235.0,203.08492
2023-01-06,226.7700043,204.82884
2023-01-09,227.0899963,205.30144
2023-01-10,234.4499969,208.47006
2023-01-11,235.0,203.16982
2023-01-12,238.1300049,203.62029
2023-01-13,227.0899963,205.23901
2023-01-17,234.4499969,205.72536
2023-01-18,235.0,208.86702
2023-01-19,238.1300049,203.54169
2023-01-23,238.0399933,203.98427
2023-01-24,234.4499969,205.613
2023-01-25,235.0,206.11038
2023-01-26,238.1300049,209.22208
2023-01-27,238.0399933,203.87437
2023-01-30,237.2899933,204.31209
2023-01-31,235.0,206.56644
2023-02-01,238.1300049,207.05914
2023-02-02,238.0399933,210.16766
2023-02-03,237.2899933,204.78397
2023-02-06,240.5500031,205.22644
2023-02-07,238.1300049,207.89102
2023-02-08,238.0399933,208.36687
2023-02-09,237.2899933,211.48907
2023-02-10,240.5500031,206.05809
2023-02-13,246.0399933,206.5027
2023-02-14,238.0399933,209.40483
2023-02-15,237.2899933,209.85207
2023-02-16,240.5500031,213.00128
2023-02-17,246.0399933,207.52165
2023-02-21,243.8399963,207.96323
2023-02-22,237.2899933,210.80658
2023-02-23,240.5500031,211.22656
2023-02-24,246.0399933,214.39694
2023-02-27,243.8399963,208.87541
2023-02-28,248.1900024,209.30478
2023-03-01,240.5500031,211.88112
2023-03-02,246.0399933,212.2834
2023-03-03,243.8399963,215.4513
2023-03-06,248.1900024,209.90541
2023-03-07,252.3999939,210.3087
2023-03-08,246.0399933,212.8919
2023-03-09,243.8399963,213.28241
2023-03-10,248.1900024,216.44366
2023-03-13,252.3999939,210.8792
2023-03-14,247.9400024,211.2583
2023-03-15,243.8399963,214.25516
2023-03-16,248.1900024,214.62665
2023-03-17,252.3999939,217.79715
2023-03-21,247.9400024,212.20186
2023-03-22,242.8200073,212.56314
2023-03-23,248.1900024,215.48581
2023-04-11,252.3999939,215.83893
2023-04-12,247.9400024,219.02094
2023-04-13,242.8200073,213.3915
2023-04-14,235.4600067,213.73366
2023-04-17,252.3999939,216.73997
2023-04-18,247.9400024,217.06795
2023-04-19,242.8200073,220.26851
2023-04-20,235.4600067,214.60442
2023-04-21,237.9499969,214.9301
2023-04-24,247.9400024,218.26369
2023-04-25,242.8200073,218.56155
2023-04-26,235.4600067,221.78162
2023-04-27,237.9499969,216.08073
2023-04-28,232.83000180000002,216.38658
2023-05-01,242.8200073,219.37408
2023-05-02,235.4600067,219.65245
2023-05-03,237.9499969,222.87592
2023-05-04,232.83000180000002,217.14815
2023-05-05,230.9700012,217.42535
2023-05-08,235.4600067,219.58325
2023-05-09,237.9499969,219.8601
2023-05-10,232.83000180000002,223.07948
2023-05-11,230.9700012,217.33482
2023-05-12,234.6199951,217.59552
2023-05-15,237.9499969,218.70387
2023-05-16,232.83000180000002,218.99947
2023-05-17,230.9700012,222.21994
2023-05-18,234.6199951,216.4587
2023-05-19,238.6600037,216.73323
2023-05-22,232.83000180000002,217.60083
2023-05-23,230.9700012,217.90845
2023-05-24,234.6199951,221.13545
2023-05-25,238.6600037,215.35872
2023-05-26,244.3200073,215.6634
2023-05-30,230.9700012,216.28355
2023-05-31,234.6199951,216.59296
2023-06-01,238.6600037,219.80046
2023-06-02,244.3200073,214.05174
2023-06-06,246.7200012,214.37946
2023-06-07,234.6199951,214.86777
2023-06-08,238.6600037,215.15744
2023-06-09,244.3200073,218.31879
2023-06-12,246.7200012,212.65562
2023-06-13,254.7700043,212.99513
2023-06-14,238.6600037,213.90761
2023-06-15,244.3200073,214.1929
2023-06-16,246.7200012,217.3095
2023-06-20,254.7700043,211.7066
2023-06-21,252.4100037,212.05338
2023-06-22,244.3200073,213.72903
2023-06-23,246.7200012,214.02583
2023-06-26,254.7700043,217.12561
2023-06-28,252.4100037,211.53032
2023-06-29,253.7200012,211.8844
2023-06-30,246.7200012,214.41202
2023-07-03,254.7700043,214.72266
2023-07-05,252.4100037,217.84993
2023-07-06,253.7200012,212.20284
2023-07-07,252.1499939,212.56671
2023-07-10,254.7700043,215.65787
2023-07-11,252.4100037,215.96857
2023-07-12,253.7200012,219.1446
2023-07-13,252.1499939,213.43147
2023-07-14,242.9700012,213.79857
2023-07-17,252.4100037,217.64499
2023-07-18,253.7200012,217.90897
2023-07-19,252.1499939,221.1362
2023-07-20,242.9700012,215.39645
2023-07-21,241.6699982,215.75175
2023-07-24,253.7200012,219.4494
2023-07-25,252.1499939,219.67525
2023-07-26,242.9700012,222.93983
2023-07-27,241.6699982,217.17601
2023-07-28,236.5200043,217.50209
2023-07-31,252.1499939,220.83383
2023-08-01,242.9700012,221.0317
2023-08-02,241.6699982,224.31343
2023-08-03,236.5200043,218.53635
2023-08-04,233.9700012,218.82314
2023-08-07,242.9700012,221.72289
2023-08-08,241.6699982,221.91293
2023-08-09,236.5200043,225.18813
2023-08-10,233.9700012,219.40495
2023-08-11,231.8399963,219.65224
2023-08-14,241.6699982,221.51062
2023-08-15,236.5200043,221.71959
2023-08-16,233.9700012,224.98265
2023-08-17,231.8399963,219.1942
2023-08-18,228.7200012,219.42418
2023-08-21,236.5200043,220.58618
2023-08-22,233.9700012,220.81787
2023-08-23,231.8399963,224.07376
2023-08-24,228.7200012,218.27652
2023-08-25,230.3000031,218.51666
2023-08-28,233.9700012,219.1612
2023-08-29,231.8399963,219.42273
2023-08-30,228.7200012,222.67259
2023-08-31,230.3000031,216.86702
2023-09-01,230.4100037,217.13797
2023-09-05,231.8399963,217.52736
2023-09-06,228.7200012,217.78532
2023-09-07,230.3000031,221.00743
2023-09-08,230.4100037,215.25479
2023-09-11,232.8800049,215.5549
2023-09-12,228.7200012,215.87527
2023-09-13,230.3000031,216.11917
2023-09-15,230.4100037,219.2868
2023-09-18,232.8800049,213.62617
2023-09-19,225.3600006,213.94467
2023-09-20,230.3000031,214.21588
2023-09-21,230.4100037,214.45859
2023-09-22,232.8800049,217.57396
2023-09-25,225.3600006,211.99884
2023-09-26,226.7100067,212.3368
2023-09-27,230.4100037,212.90277
2023-09-28,232.8800049,213.15163
2023-09-29,225.3600006,216.22
2023-10-02,226.7100067,210.70995
2023-10-03,227.9400024,211.06328
2023-10-04,232.8800049,212.03064
2023-10-05,225.3600006,212.30016
2023-10-06,226.7100067,215.33096
2023-10-09,227.9400024,209.8574
2023-10-10,227.3099976,210.22157
2023-10-11,225.3600006,211.68484
2023-10-12,226.7100067,211.98283
2023-10-13,227.9400024,214.99721
2023-10-16,227.3099976,209.52348
2023-10-17,226.8300018,209.89659
2023-10-18,226.7100067,211.0491
2023-10-19,227.9400024,211.37752
2023-10-20,227.3099976,214.38025
2023-10-23,226.8300018,208.91377
2023-10-24,230.80000310000003,209.299
2023-10-25,227.9400024,210.29428
2023-10-26,227.3099976,210.64418
2023-10-27,226.8300018,213.6467
2023-10-30,230.80000310000003,208.18597
2023-10-31,232.8699951,208.59116
2023-11-01,227.3099976,209.75117
2023-11-02,226.8300018,210.12358
2023-11-03,230.80000310000003,213.13184
2023-11-06,232.8699951,207.66457
2023-11-07,235.6000061,208.09132
2023-11-08,226.8300018,209.35374
2023-11-09,230.80000310000003,209.74536
2023-11-10,232.8699951,212.7621
2023-11-13,235.6000061,207.2849
2023-11-14,231.2599945,207.72798
2023-11-15,230.80000310000003,209.0304
2023-11-16,232.8699951,209.4392
2023-11-17,235.6000061,212.45279
2023-11-20,231.2599945,206.97345
2023-11-21,227.2400055,207.42186
2023-11-22,232.8699951,209.0729
2023-11-24,235.6000061,209.50381
2023-11-27,231.2599945,212.52774
2023-11-28,227.2400055,207.02342
2023-11-29,218.7799988,207.47835
2023-11-30,235.6000061,209.517
2023-12-01,231.2599945,209.96652
2023-12-04,227.2400055,213.01567
2023-12-05,218.7799988,207.46576
2023-12-06,217.1199951,207.92627
2023-12-07,231.2599945,210.3032
2023-12-08,227.2400055,210.75456
2023-12-11,218.7799988,213.83913
2023-12-12,217.1199951,208.24435
2023-12-13,219.5500031,208.70659
2023-12-14,227.2400055,210.81
2023-12-15,218.7799988,211.25221
2023-12-18,217.1199951,214.35425
2023-12-20,219.5500031,208.74802
2023-12-21,215.6300049,209.20232
2023-12-22,218.7799988,210.62602
2023-12-26,217.1199951,211.0724
2024-01-11,219.5500031,214.18216
2024-01-16,215.6300049,208.57272
2024-01-17,219.7599945,209.02328
2024-01-18,217.1199951,209.36052
2024-01-19,219.5500031,209.81564
2024-01-22,215.6300049,212.93073
2024-01-23,219.7599945,207.34428
2024-01-24,210.3800049,207.81316
2024-01-25,219.5500031,207.56497
2024-01-26,215.6300049,207.99678
2024-01-29,219.7599945,211.10742
2024-01-30,210.3800049,205.5952
2024-01-31,208.3300018,206.09361
2024-02-01,215.6300049,205.9697
2024-02-02,219.7599945,206.377
2024-02-05,210.3800049,209.47278
2024-02-06,208.3300018,204.03519
2024-02-07,210.03999330000002,204.557
2024-02-08,219.7599945,204.45663
2024-02-09,210.3800049,204.84917
2024-02-12,208.3300018,207.91217
2024-02-13,210.03999330000002,202.55788
2024-02-14,206.3600006,203.08855
2024-02-15,210.3800049,203.45201
2024-02-16,208.3300018,203.84157
2024-02-20,210.03999330000002,206.86682
2024-02-21,206.3600006,201.57707
2024-02-22,208.0200043,202.10439
2024-02-23,208.3300018,202.17213
2024-02-26,210.03999330000002,202.57259
2024-02-27,206.3600006,205.56177
2024-02-28,208.0200043,200.33945
2024-02-29,205.3099976,200.86874
2024-03-01,210.03999330000002,200.53671
2024-03-04,206.3600006,200.93863
2024-03-05,208.0200043,203.9066
2024-03-06,205.3099976,198.75499
2024-03-07,205.64999390000003,199.29959
2024-03-08,206.3600006,199.09842
2024-03-11,208.0200043,199.50348
2024-03-12,205.3099976,202.458
2024-03-13,205.64999390000003,197.36043
2024-03-14,199.3500061,197.9259
2024-03-15,208.0200043,197.70988
2024-03-18,205.3099976,198.12111
2024-03-19,205.64999390000003,201.06639
2024-03-20,199.3500061,196.01727
2024-03-22,197.1300049,196.60228
2024-03-25,205.3099976,196.5674
2024-03-26,205.64999390000003,196.98679
2024-03-27,199.3500061,199.90685
2024-04-12,197.1300049,194.90956
2024-04-15,195.1999969,195.49954
2024-04-16,205.64999390000003,195.52692
2024-04-17,199.3500061,195.96855
2024-04-18,197.1300049,198.8616
2024-04-19,195.1999969,193.90779
2024-04-22,194.1399994,194.50119
2024-04-23,199.3500061,194.64232
2024-04-24,197.1300049,195.10547
2024-04-25,195.1999969,197.98126
2024-04-26,194.1399994,193.05762
2024-04-29,194.5399933,193.65732
2024-04-30,197.1300049,193.42218
2024-05-01,195.1999969,193.90259
2024-05-02,194.1399994,196.7624
2024-05-03,194.5399933,191.88069
2024-05-06,193.58000179999996,192.49257
2024-05-07,195.1999969,191.85777
2024-05-09,194.1399994,192.34256
2024-05-10,194.5399933,195.19376
2024-05-14,193.58000179999996,190.36592
2024-05-15,198.9799957,190.99783
2024-05-16,194.1399994,190.1608
2024-05-17,194.5399933,190.64262
2024-06-04,193.58000179999996,193.48396
2024-06-05,198.9799957,188.71907
2024-06-06,206.2200012,189.37224
2024-06-07,194.5399933,188.51036
2024-06-10,193.58000179999996,188.98558
2024-06-11,198.9799957,191.8155
2024-06-12,206.2200012,187.11685
2024-06-13,203.17999270000004,187.78676
2024-06-14,193.58000179999996,187.13316
2024-06-17,198.9799957,187.60501
2024-06-18,206.2200012,190.40918
2024-06-20,203.17999270000004,185.77925
2024-06-21,203.8800049,186.45294
